2024-01-01 00:00:00,시내 버스,2024-01-01 00:47:00
2024-01-01 00:58:00,마을 버스,2024-01-01 01:16:00
2024-01-01 01:45:00,마을 버스,2024-01-01 02:55:00
2024-01-01 04:09:00,마을 버스,2024-01-01 05:07:00
2024-01-01 06:30:00,지하철 1호선,2024-01-01 07:14:00
2024-01-01 09:14:00,시내 버스,2024-01-01 10:26:00
2024-01-01 12:06:00,시내 버스,2024-01-01 12:23:00
2024-01-01 12:38:00,시내 버스,2024-01-01 13:03:00
2024-01-01 14:53:00,시내 버스,2024-01-01 15:45:00
2024-01-01 17:36:00,마을 버스,2024-01-01 19:36:00
2024-01-01 20:52:00,마을 버스,2024-01-01 22:48:00
2024-01-02 00:31:00,마을 버스,2024-01-02 00:54:00
2024-01-02 02:24:00,광역 버스,2024-01-02 02:34:00
2024-01-02 04:34:00,지하철 8호선,2024-01-02 05:14:00
2024-01-02 06:54:00,시내 버스,2024-01-02 08:40:00
2024-01-02 09:37:00,광역 버스,2024-01-02 10:24:00
2024-01-02 10:53:00,지하철 3호선,2024-01-02 12:41:00
2024-01-02 14:22:00,시내 버스,2024-01-02 15:42:00
2024-01-02 16:27:00,지하철 5호선,2024-01-02 18:02:00
2024-01-02 18:22:00,시내 버스,2024-01-02 19:17:00
2024-01-02 20:44:00,마을 버스,2024-01-02 22:20:00
2024-01-02 23:21:00,광역 버스,2024-01-03 00:57:00
2024-01-03 02:40:00,마을 버스,2024-01-03 04:00:00
2024-01-03 05:57:00,시내 버스,2024-01-03 06:54:00
2024-01-03 08:32:00,지하철 4호선,2024-01-03 10:22:00
2024-01-03 10:29:00,광역 버스,2024-01-03 11:42:00
2024-01-03 13:14:00,시내 버스,2024-01-03 13:45:00
2024-01-03 14:32:00,지하철 1호선,2024-01-03 16:00:00
2024-01-03 16:27:00,지하철 3호선,2024-01-03 18:22:00
2024-01-03 19:39:00,광역 버스,2024-01-03 20:24:00
2024-01-03 21:03:00,마을 버스,2024-01-03 22:28:00
2024-01-03 23:45:00,지하철 8호선,2024-01-04 00:09:00
2024-01-04 01:51:00,시내 버스,2024-01-04 03:20:00
2024-01-04 04:42:00,마을 버스,2024-01-04 06:07:00
2024-01-04 07:05:00,지하철 9호선,2024-01-04 08:48:00
2024-01-04 10:42:00,시내 버스,2024-01-04 12:40:00
2024-01-04 14:30:00,시내 버스,2024-01-04 14:56:00
2024-01-04 16:33:00,광역 버스,2024-01-04 18:12:00
2024-01-04 20:04:00,시내 버스,2024-01-04 20:22:00
2024-01-04 20:29:00,광역 버스,2024-01-04 22:27:00
2024-01-04 23:45:00,광역 버스,2024-01-05 00:41:00
2024-01-05 02:36:00,시내 버스,2024-01-05 03:44:00
2024-01-05 05:14:00,지하철 3호선,2024-01-05 05:26:00
2024-01-05 05:48:00,시내 버스,2024-01-05 07:08:00
2024-01-05 08:51:00,광역 버스,2024-01-05 10:16:00
2024-01-05 12:06:00,광역 버스,2024-01-05 13:46:00
2024-01-05 14:24:00,광역 버스,2024-01-05 16:09:00
2024-01-05 16:45:00,지하철 3호선,2024-01-05 17:08:00
2024-01-05 19:06:00,광역 버스,2024-01-05 20:48:00
2024-01-05 21:56:00,시내 버스,2024-01-05 22:13:00
2024-01-05 22:48:00,시내 버스,2024-01-05 23:22:00
2024-01-06 01:07:00,시내 버스,2024-01-06 03:06:00
2024-01-06 03:20:00,지하철 3호선,2024-01-06 04:40:00
2024-01-06 05:18:00,마을 버스,2024-01-06 06:07:00
2024-01-06 06:46:00,시내 버스,2024-01-06 08:36:00
2024-01-06 09:03:00,광역 버스,2024-01-06 09:28:00
2024-01-06 10:45:00,마을 버스,2024-01-06 12:13:00
2024-01-06 12:58:00,광역 버스,2024-01-06 14:31:00
2024-01-06 15:40:00,시내 버스,2024-01-06 16:56:00
2024-01-06 17:11:00,마을 버스,2024-01-06 18:35:00
2024-01-06 19:22:00,광역 버스,2024-01-06 21:10:00
2024-01-06 21:31:00,지하철 8호선,2024-01-06 22:09:00
2024-01-06 23:14:00,시내 버스,2024-01-07 00:25:00
2024-01-07 01:49:00,시내 버스,2024-01-07 02:11:00
2024-01-07 03:26:00,시내 버스,2024-01-07 04:25:00
2024-01-07 04:27:00,지하철 6호선,2024-01-07 05:26:00
2024-01-07 05:27:00,마을 버스,2024-01-07 06:45:00
2024-01-07 07:14:00,광역 버스,2024-01-07 07:45:00
2024-01-07 09:41:00,시내 버스,2024-01-07 11:08:00
2024-01-07 12:30:00,광역 버스,2024-01-07 12:47:00
2024-01-07 14:33:00,광역 버스,2024-01-07 16:31:00
2024-01-07 17:08:00,시내 버스,2024-01-07 18:11:00
2024-01-07 19:10:00,지하철 4호선,2024-01-07 20:29:00
2024-01-07 22:05:00,광역 버스,2024-01-08 00:01:00
2024-01-08 00:18:00,지하철 2호선,2024-01-08 01:20:00
2024-01-08 03:10:00,지하철 5호선,2024-01-08 05:08:00
2024-01-08 06:20:00,마을 버스,2024-01-08 07:18:00
2024-01-08 08:55:00,마을 버스,2024-01-08 10:24:00
2024-01-08 11:50:00,시내 버스,2024-01-08 12:14:00
2024-01-08 12:19:00,마을 버스,2024-01-08 13:06:00
2024-01-08 14:20:00,지하철 4호선,2024-01-08 15:37:00
2024-01-08 16:02:00,지하철 2호선,2024-01-08 17:27:00
2024-01-08 18:06:00,시내 버스,2024-01-08 19:16:00
2024-01-08 20:20:00,마을 버스,2024-01-08 20:59:00
2024-01-08 21:44:00,시내 버스,2024-01-08 22:17:00
2024-01-08 23:04:00,시내 버스,2024-01-09 00:19:00
2024-01-09 01:08:00,광역 버스,2024-01-09 02:50:00
2024-01-09 03:42:00,지하철 7호선,2024-01-09 05:29:00
2024-01-09 06:35:00,시내 버스,2024-01-09 08:11:00
2024-01-09 09:26:00,광역 버스,2024-01-09 10:11:00
2024-01-09 11:24:00,마을 버스,2024-01-09 13:18:00
2024-01-09 13:33:00,시내 버스,2024-01-09 14:35:00
2024-01-09 15:35:00,시내 버스,2024-01-09 16:47:00
2024-01-09 17:05:00,광역 버스,2024-01-09 17:59:00
2024-01-09 19:34:00,광역 버스,2024-01-09 20:03:00
2024-01-09 20:51:00,시내 버스,2024-01-09 21:55:00
2024-01-09 23:40:00,시내 버스,2024-01-10 01:37:00
2024-01-10 01:54:00,광역 버스,2024-01-10 02:44:00
2024-01-10 04:27:00,시내 버스,2024-01-10 05:07:00
2024-01-10 05:29:00,마을 버스,2024-01-10 06:56:00
2024-01-10 07:36:00,시내 버스,2024-01-10 07:53:00
2024-01-10 08:05:00,지하철 2호선,2024-01-10 09:54:00
2024-01-10 11:05:00,지하철 9호선,2024-01-10 12:35:00
2024-01-10 13:29:00,광역 버스,2024-01-10 13:54:00
2024-01-10 15:51:00,마을 버스,2024-01-10 17:07:00
2024-01-10 18:18:00,마을 버스,2024-01-10 20:13:00
2024-01-10 22:04:00,광역 버스,2024-01-10 23:08:00
2024-01-10 23:56:00,시내 버스,2024-01-11 01:03:00
2024-01-11 01:36:00,지하철 8호선,2024-01-11 02:54:00
2024-01-11 04:22:00,시내 버스,2024-01-11 05:38:00
2024-01-11 05:43:00,마을 버스,2024-01-11 07:30:00
2024-01-11 07:54:00,마을 버스,2024-01-11 08:58:00
2024-01-11 10:50:00,광역 버스,2024-01-11 11:51:00
2024-01-11 12:01:00,시내 버스,2024-01-11 13:16:00
2024-01-11 15:16:00,시내 버스,2024-01-11 15:50:00
2024-01-11 16:18:00,지하철 1호선,2024-01-11 16:31:00
2024-01-11 17:11:00,마을 버스,2024-01-11 17:26:00
2024-01-11 19:21:00,광역 버스,2024-01-11 20:51:00
2024-01-11 21:43:00,지하철 8호선,2024-01-11 22:23:00
2024-01-11 23:30:00,시내 버스,2024-01-12 00:13:00
2024-01-12 01:47:00,지하철 8호선,2024-01-12 03:44:00
2024-01-12 04:12:00,지하철 2호선,2024-01-12 06:02:00
2024-01-12 07:54:00,지하철 5호선,2024-01-12 08:41:00
2024-01-12 09:10:00,광역 버스,2024-01-12 09:32:00
2024-01-12 10:02:00,광역 버스,2024-01-12 10:25:00
2024-01-12 10:25:00,마을 버스,2024-01-12 11:21:00
2024-01-12 12:51:00,마을 버스,2024-01-12 13:49:00
2024-01-12 14:20:00,지하철 8호선,2024-01-12 14:53:00
2024-01-12 15:20:00,시내 버스,2024-01-12 16:02:00
2024-01-12 17:32:00,시내 버스,2024-01-12 18:29:00
2024-01-12 20:01:00,시내 버스,2024-01-12 21:48:00
2024-01-12 23:12:00,마을 버스,2024-01-12 23:29:00
2024-01-13 00:22:00,마을 버스,2024-01-13 01:20:00
2024-01-13 03:08:00,마을 버스,2024-01-13 04:26:00
2024-01-13 04:28:00,광역 버스,2024-01-13 05:43:00
2024-01-13 07:19:00,광역 버스,2024-01-13 08:55:00
2024-01-13 09:04:00,마을 버스,2024-01-13 10:44:00
2024-01-13 10:52:00,시내 버스,2024-01-13 12:46:00
2024-01-13 13:56:00,시내 버스,2024-01-13 15:23:00
2024-01-13 16:32:00,지하철 2호선,2024-01-13 17:12:00
2024-01-13 18:27:00,광역 버스,2024-01-13 20:24:00
2024-01-13 21:00:00,광역 버스,2024-01-13 22:21:00
2024-01-13 23:18:00,시내 버스,2024-01-13 23:55:00
2024-01-14 01:44:00,마을 버스,2024-01-14 03:07:00
2024-01-14 03:52:00,마을 버스,2024-01-14 05:27:00
2024-01-14 06:50:00,마을 버스,2024-01-14 08:47:00
2024-01-14 09:01:00,시내 버스,2024-01-14 09:23:00
2024-01-14 10:50:00,광역 버스,2024-01-14 12:41:00
2024-01-14 13:19:00,지하철 9호선,2024-01-14 14:44:00
2024-01-14 15:15:00,시내 버스,2024-01-14 15:59:00
2024-01-14 16:11:00,지하철 3호선,2024-01-14 18:11:00
2024-01-14 18:21:00,마을 버스,2024-01-14 18:41:00
2024-01-14 18:49:00,마을 버스,2024-01-14 19:15:00
2024-01-14 21:03:00,지하철 6호선,2024-01-14 22:49:00
2024-01-15 00:01:00,지하철 8호선,2024-01-15 01:52:00
2024-01-15 02:21:00,지하철 3호선,2024-01-15 03:08:00
2024-01-15 05:05:00,시내 버스,2024-01-15 05:23:00
2024-01-15 07:09:00,광역 버스,2024-01-15 07:50:00
2024-01-15 08:15:00,마을 버스,2024-01-15 10:10:00
2024-01-15 11:43:00,마을 버스,2024-01-15 12:07:00
2024-01-15 12:12:00,지하철 1호선,2024-01-15 12:50:00
2024-01-15 13:56:00,광역 버스,2024-01-15 14:16:00
2024-01-15 15:33:00,지하철 9호선,2024-01-15 16:34:00
2024-01-15 17:09:00,시내 버스,2024-01-15 18:36:00
2024-01-15 19:29:00,시내 버스,2024-01-15 20:39:00
2024-01-15 20:43:00,마을 버스,2024-01-15 21:53:00
2024-01-15 23:09:00,지하철 3호선,2024-01-15 23:22:00
2024-01-16 00:44:00,시내 버스,2024-01-16 02:31:00
2024-01-16 03:47:00,시내 버스,2024-01-16 04:57:00
2024-01-16 05:55:00,시내 버스,2024-01-16 06:17:00
2024-01-16 06:56:00,지하철 7호선,2024-01-16 08:45:00
2024-01-16 09:01:00,지하철 7호선,2024-01-16 09:47:00
2024-01-16 10:34:00,마을 버스,2024-01-16 11:38:00
2024-01-16 13:00:00,시내 버스,2024-01-16 13:56:00
2024-01-16 14:50:00,지하철 1호선,2024-01-16 16:14:00
2024-01-16 16:41:00,마을 버스,2024-01-16 16:56:00
2024-01-16 16:56:00,마을 버스,2024-01-16 17:45:00
2024-01-16 18:50:00,마을 버스,2024-01-16 20:34:00
2024-01-16 21:19:00,광역 버스,2024-01-16 21:59:00
2024-01-16 22:40:00,마을 버스,2024-01-16 23:47:00
2024-01-17 01:14:00,광역 버스,2024-01-17 02:05:00
2024-01-17 02:49:00,시내 버스,2024-01-17 04:44:00
2024-01-17 04:54:00,마을 버스,2024-01-17 05:14:00
2024-01-17 06:59:00,마을 버스,2024-01-17 08:15:00
2024-01-17 09:14:00,시내 버스,2024-01-17 10:16:00
2024-01-17 11:17:00,지하철 5호선,2024-01-17 12:09:00
2024-01-17 13:39:00,지하철 1호선,2024-01-17 13:53:00
2024-01-17 15:44:00,마을 버스,2024-01-17 17:17:00
2024-01-17 18:33:00,마을 버스,2024-01-17 18:59:00
2024-01-17 19:19:00,마을 버스,2024-01-17 19:38:00
2024-01-17 19:43:00,마을 버스,2024-01-17 20:53:00
2024-01-17 22:36:00,광역 버스,2024-01-17 22:47:00
2024-01-18 00:12:00,지하철 9호선,2024-01-18 02:11:00
2024-01-18 03:13:00,지하철 3호선,2024-01-18 04:57:00
2024-01-18 05:43:00,시내 버스,2024-01-18 07:09:00
2024-01-18 08:28:00,광역 버스,2024-01-18 09:31:00
2024-01-18 11:27:00,지하철 3호선,2024-01-18 13:12:00
2024-01-18 14:42:00,지하철 8호선,2024-01-18 16:36:00
2024-01-18 17:20:00,시내 버스,2024-01-18 17:56:00
2024-01-18 19:20:00,마을 버스,2024-01-18 21:11:00
2024-01-18 22:44:00,시내 버스,2024-01-19 00:19:00
2024-01-19 02:19:00,지하철 9호선,2024-01-19 03:22:00
2024-01-19 03:41:00,마을 버스,2024-01-19 05:02:00
2024-01-19 06:48:00,지하철 3호선,2024-01-19 07:26:00
2024-01-19 07:49:00,광역 버스,2024-01-19 09:49:00
2024-01-19 10:41:00,지하철 2호선,2024-01-19 11:48:00
2024-01-19 13:44:00,시내 버스,2024-01-19 15:19:00
2024-01-19 16:59:00,마을 버스,2024-01-19 18:58:00
2024-01-19 20:56:00,마을 버스,2024-01-19 22:46:00
2024-01-19 23:57:00,마을 버스,2024-01-20 00:55:00
2024-01-20 02:20:00,시내 버스,2024-01-20 03:59:00
2024-01-20 04:48:00,시내 버스,2024-01-20 05:59:00
2024-01-20 07:19:00,마을 버스,2024-01-20 08:17:00
2024-01-20 08:47:00,광역 버스,2024-01-20 10:00:00
2024-01-20 12:00:00,지하철 3호선,2024-01-20 12:30:00
2024-01-20 13:35:00,지하철 1호선,2024-01-20 14:23:00
2024-01-20 15:02:00,마을 버스,2024-01-20 16:22:00
2024-01-20 17:03:00,시내 버스,2024-01-20 17:47:00
2024-01-20 19:34:00,마을 버스,2024-01-20 19:44:00
2024-01-20 21:15:00,시내 버스,2024-01-20 22:49:00
2024-01-20 23:37:00,광역 버스,2024-01-21 00:19:00
2024-01-21 01:02:00,지하철 1호선,2024-01-21 02:09:00
2024-01-21 03:28:00,지하철 4호선,2024-01-21 04:57:00
2024-01-21 05:02:00,마을 버스,2024-01-21 06:13:00
2024-01-21 06:49:00,광역 버스,2024-01-21 07:42:00
2024-01-21 09:09:00,지하철 7호선,2024-01-21 11:01:00
2024-01-21 12:43:00,마을 버스,2024-01-21 14:06:00
2024-01-21 14:40:00,광역 버스,2024-01-21 16:25:00
2024-01-21 16:44:00,마을 버스,2024-01-21 18:32:00
2024-01-21 18:54:00,마을 버스,2024-01-21 20:00:00
2024-01-21 21:41:00,지하철 6호선,2024-01-21 21:57:00
2024-01-21 23:50:00,광역 버스,2024-01-22 01:14:00
2024-01-22 02:09:00,시내 버스,2024-01-22 02:36:00
2024-01-22 04:21:00,마을 버스,2024-01-22 04:43:00
2024-01-22 06:16:00,시내 버스,2024-01-22 08:11:00
2024-01-22 10:06:00,지하철 9호선,2024-01-22 11:14:00
2024-01-22 13:10:00,지하철 6호선,2024-01-22 15:06:00
2024-01-22 15:06:00,지하철 5호선,2024-01-22 16:44:00
2024-01-22 18:12:00,지하철 4호선,2024-01-22 19:58:00
2024-01-22 21:08:00,시내 버스,2024-01-22 22:30:00
2024-01-22 23:42:00,마을 버스,2024-01-23 00:35:00
2024-01-23 00:47:00,시내 버스,2024-01-23 00:58:00
2024-01-23 02:27:00,지하철 8호선,2024-01-23 04:04:00
2024-01-23 04:41:00,시내 버스,2024-01-23 05:46:00
2024-01-23 07:07:00,광역 버스,2024-01-23 07:49:00
2024-01-23 08:24:00,지하철 4호선,2024-01-23 09:42:00
2024-01-23 11:06:00,마을 버스,2024-01-23 12:38:00
2024-01-23 14:17:00,광역 버스,2024-01-23 15:20:00
2024-01-23 15:51:00,지하철 5호선,2024-01-23 17:31:00
2024-01-23 18:04:00,마을 버스,2024-01-23 19:45:00
2024-01-23 21:04:00,지하철 8호선,2024-01-23 21:42:00
2024-01-23 22:38:00,지하철 9호선,2024-01-23 23:06:00
2024-01-23 23:11:00,지하철 5호선,2024-01-23 23:36:00
2024-01-24 00:25:00,시내 버스,2024-01-24 01:15:00
2024-01-24 03:13:00,마을 버스,2024-01-24 03:50:00
2024-01-24 05:43:00,광역 버스,2024-01-24 07:10:00
2024-01-24 07:56:00,광역 버스,2024-01-24 09:30:00
2024-01-24 10:49:00,지하철 9호선,2024-01-24 11:50:00
2024-01-24 12:51:00,마을 버스,2024-01-24 13:44:00
2024-01-24 13:46:00,지하철 4호선,2024-01-24 15:08:00
2024-01-24 15:23:00,시내 버스,2024-01-24 15:37:00
2024-01-24 17:31:00,시내 버스,2024-01-24 18:45:00
2024-01-24 20:33:00,마을 버스,2024-01-24 20:44:00
2024-01-24 21:02:00,시내 버스,2024-01-24 21:50:00
2024-01-24 23:01:00,마을 버스,2024-01-25 00:50:00
2024-01-25 01:20:00,지하철 9호선,2024-01-25 03:20:00
2024-01-25 05:17:00,마을 버스,2024-01-25 07:04:00
2024-01-25 07:15:00,광역 버스,2024-01-25 08:34:00
2024-01-25 09:35:00,시내 버스,2024-01-25 11:26:00
2024-01-25 11:36:00,광역 버스,2024-01-25 13:30:00
2024-01-25 13:34:00,광역 버스,2024-01-25 14:00:00
2024-01-25 15:02:00,마을 버스,2024-01-25 15:34:00
2024-01-25 17:22:00,마을 버스,2024-01-25 17:44:00
2024-01-25 17:58:00,광역 버스,2024-01-25 18:42:00
2024-01-25 19:51:00,마을 버스,2024-01-25 21:45:00
2024-01-25 21:56:00,지하철 7호선,2024-01-25 23:54:00
2024-01-26 01:10:00,시내 버스,2024-01-26 01:24:00
2024-01-26 02:12:00,마을 버스,2024-01-26 02:59:00
2024-01-26 04:05:00,지하철 8호선,2024-01-26 05:46:00
2024-01-26 05:46:00,광역 버스,2024-01-26 07:32:00
2024-01-26 09:08:00,광역 버스,2024-01-26 10:52:00
2024-01-26 12:15:00,지하철 2호선,2024-01-26 12:28:00
2024-01-26 14:02:00,마을 버스,2024-01-26 14:41:00
2024-01-26 16:34:00,시내 버스,2024-01-26 18:29:00
2024-01-26 19:25:00,광역 버스,2024-01-26 19:36:00
2024-01-26 20:05:00,지하철 3호선,2024-01-26 21:45:00
2024-01-26 23:11:00,시내 버스,2024-01-27 00:19:00
2024-01-27 01:31:00,마을 버스,2024-01-27 03:16:00
2024-01-27 04:20:00,시내 버스,2024-01-27 04:53:00
2024-01-27 05:25:00,시내 버스,2024-01-27 05:59:00
2024-01-27 06:56:00,마을 버스,2024-01-27 08:51:00
2024-01-27 10:18:00,시내 버스,2024-01-27 11:34:00
2024-01-27 11:52:00,광역 버스,2024-01-27 13:06:00
2024-01-27 14:14:00,지하철 1호선,2024-01-27 15:51:00
2024-01-27 16:00:00,지하철 2호선,2024-01-27 17:43:00
2024-01-27 17:56:00,지하철 9호선,2024-01-27 18:56:00
2024-01-27 20:40:00,마을 버스,2024-01-27 22:01:00
2024-01-27 23:33:00,마을 버스,2024-01-28 01:24:00
2024-01-28 03:03:00,광역 버스,2024-01-28 04:53:00
2024-01-28 06:01:00,지하철 9호선,2024-01-28 06:12:00
2024-01-28 06:35:00,시내 버스,2024-01-28 07:56:00
2024-01-28 08:05:00,지하철 2호선,2024-01-28 08:23:00
2024-01-28 08:56:00,광역 버스,2024-01-28 09:40:00
2024-01-28 11:05:00,시내 버스,2024-01-28 12:44:00
2024-01-28 14:10:00,광역 버스,2024-01-28 14:32:00
2024-01-28 14:39:00,시내 버스,2024-01-28 16:30:00
2024-01-28 16:31:00,광역 버스,2024-01-28 16:51:00
2024-01-28 18:29:00,광역 버스,2024-01-28 19:59:00
2024-01-28 20:56:00,마을 버스,2024-01-28 21:12:00
2024-01-28 22:22:00,광역 버스,2024-01-28 22:36:00
2024-01-29 00:21:00,광역 버스,2024-01-29 00:32:00
2024-01-29 01:32:00,광역 버스,2024-01-29 02:31:00
2024-01-29 03:29:00,마을 버스,2024-01-29 05:20:00
2024-01-29 06:09:00,마을 버스,2024-01-29 08:04:00
2024-01-29 09:49:00,광역 버스,2024-01-29 11:06:00
2024-01-29 11:32:00,광역 버스,2024-01-29 11:53:00
2024-01-29 13:34:00,시내 버스,2024-01-29 15:27:00
2024-01-29 16:49:00,광역 버스,2024-01-29 17:54:00
2024-01-29 19:45:00,마을 버스,2024-01-29 20:57:00
2024-01-29 22:09:00,마을 버스,2024-01-29 23:40:00
2024-01-30 01:33:00,광역 버스,2024-01-30 02:01:00
2024-01-30 02:58:00,지하철 7호선,2024-01-30 04:52:00
2024-01-30 05:09:00,마을 버스,2024-01-30 06:50:00
2024-01-30 08:08:00,지하철 4호선,2024-01-30 08:36:00
2024-01-30 10:19:00,광역 버스,2024-01-30 10:39:00
2024-01-30 12:27:00,시내 버스,2024-01-30 13:40:00
2024-01-30 14:47:00,시내 버스,2024-01-30 15:02:00
2024-01-30 15:55:00,마을 버스,2024-01-30 16:12:00
2024-01-30 17:15:00,지하철 9호선,2024-01-30 18:23:00
2024-01-30 18:49:00,광역 버스,2024-01-30 20:15:00
2024-01-30 20:19:00,광역 버스,2024-01-30 21:48:00
2024-01-30 21:57:00,광역 버스,2024-01-30 22:24:00
2024-01-30 22:31:00,시내 버스,2024-01-30 23:50:00
2024-01-31 00:35:00,시내 버스,2024-01-31 02:01:00
2024-01-31 03:05:00,시내 버스,2024-01-31 04:49:00
2024-01-31 04:56:00,마을 버스,2024-01-31 06:35:00
2024-01-31 07:54:00,시내 버스,2024-01-31 09:14:00
2024-01-31 09:38:00,마을 버스,2024-01-31 10:44:00
2024-01-31 11:56:00,지하철 7호선,2024-01-31 13:44:00
2024-01-31 14:10:00,시내 버스,2024-01-31 16:07:00
2024-01-31 16:23:00,지하철 4호선,2024-01-31 17:22:00
2024-01-31 17:37:00,시내 버스,2024-01-31 17:47:00
2024-01-31 19:22:00,시내 버스,2024-01-31 20:12:00
2024-01-31 21:56:00,마을 버스,2024-01-31 22:12:00
2024-01-31 22:24:00,마을 버스,2024-01-31 23:33:00
2024-01-31 23:36:00,마을 버스,2024-02-01 00:15:00
