2024-01-01 00:00:00,마을 버스,2024-01-01 00:10:00
2024-01-01 01:57:00,시내 버스,2024-01-01 02:36:00
2024-01-01 02:44:00,시내 버스,2024-01-01 03:41:00
2024-01-01 05:04:00,시내 버스,2024-01-01 06:33:00
2024-01-01 08:02:00,마을 버스,2024-01-01 08:46:00
2024-01-01 09:18:00,광역 버스,2024-01-01 11:10:00
2024-01-01 12:56:00,시내 버스,2024-01-01 13:44:00
2024-01-01 15:16:00,마을 버스,2024-01-01 16:44:00
2024-01-01 18:13:00,시내 버스,2024-01-01 19:26:00
2024-01-01 19:47:00,마을 버스,2024-01-01 20:25:00
2024-01-01 21:23:00,광역 버스,2024-01-01 21:58:00
2024-01-01 22:02:00,광역 버스,2024-01-01 23:12:00
2024-01-02 01:07:00,지하철 1호선,2024-01-02 01:54:00
2024-01-02 02:01:00,광역 버스,2024-01-02 03:38:00
2024-01-02 05:37:00,시내 버스,2024-01-02 06:20:00
2024-01-02 07:29:00,마을 버스,2024-01-02 08:25:00
2024-01-02 10:18:00,광역 버스,2024-01-02 11:43:00
2024-01-02 13:01:00,지하철 5호선,2024-01-02 14:48:00
2024-01-02 15:55:00,광역 버스,2024-01-02 17:46:00
2024-01-02 18:35:00,시내 버스,2024-01-02 20:02:00
2024-01-02 20:04:00,시내 버스,2024-01-02 21:59:00
2024-01-02 23:03:00,시내 버스,2024-01-03 00:14:00
2024-01-03 01:16:00,광역 버스,2024-01-03 02:23:00
2024-01-03 02:36:00,마을 버스,2024-01-03 04:29:00
2024-01-03 05:55:00,지하철 2호선,2024-01-03 07:44:00
2024-01-03 08:10:00,시내 버스,2024-01-03 09:38:00
2024-01-03 10:56:00,광역 버스,2024-01-03 11:42:00
2024-01-03 12:05:00,시내 버스,2024-01-03 12:46:00
2024-01-03 13:20:00,마을 버스,2024-01-03 13:57:00
2024-01-03 14:54:00,지하철 7호선,2024-01-03 16:39:00
2024-01-03 18:06:00,마을 버스,2024-01-03 18:16:00
2024-01-03 20:05:00,광역 버스,2024-01-03 20:27:00
2024-01-03 22:24:00,지하철 8호선,2024-01-03 23:55:00
2024-01-03 23:56:00,광역 버스,2024-01-04 00:50:00
2024-01-04 00:52:00,광역 버스,2024-01-04 01:30:00
2024-01-04 02:21:00,광역 버스,2024-01-04 03:36:00
2024-01-04 04:05:00,마을 버스,2024-01-04 05:07:00
2024-01-04 06:38:00,광역 버스,2024-01-04 07:08:00
2024-01-04 08:54:00,시내 버스,2024-01-04 09:45:00
2024-01-04 11:02:00,지하철 2호선,2024-01-04 11:55:00
2024-01-04 12:14:00,지하철 4호선,2024-01-04 12:42:00
2024-01-04 14:22:00,마을 버스,2024-01-04 14:37:00
2024-01-04 15:30:00,마을 버스,2024-01-04 15:56:00
2024-01-04 16:13:00,광역 버스,2024-01-04 17:28:00
2024-01-04 17:37:00,시내 버스,2024-01-04 19:29:00
2024-01-04 19:49:00,지하철 3호선,2024-01-04 21:21:00
2024-01-04 21:36:00,지하철 3호선,2024-01-04 22:31:00
2024-01-05 00:18:00,시내 버스,2024-01-05 00:39:00
2024-01-05 02:20:00,마을 버스,2024-01-05 03:06:00
2024-01-05 05:05:00,시내 버스,2024-01-05 07:04:00
2024-01-05 08:12:00,시내 버스,2024-01-05 09:11:00
2024-01-05 10:42:00,지하철 5호선,2024-01-05 10:57:00
2024-01-05 12:57:00,광역 버스,2024-01-05 14:17:00
2024-01-05 15:14:00,마을 버스,2024-01-05 15:41:00
2024-01-05 16:58:00,지하철 7호선,2024-01-05 18:10:00
2024-01-05 19:17:00,마을 버스,2024-01-05 20:04:00
2024-01-05 20:16:00,시내 버스,2024-01-05 21:56:00
2024-01-05 22:54:00,지하철 5호선,2024-01-05 23:33:00
2024-01-06 00:50:00,마을 버스,2024-01-06 01:52:00
2024-01-06 03:35:00,지하철 2호선,2024-01-06 05:07:00
2024-01-06 06:36:00,마을 버스,2024-01-06 07:16:00
2024-01-06 07:23:00,시내 버스,2024-01-06 07:38:00
2024-01-06 08:59:00,시내 버스,2024-01-06 09:45:00
2024-01-06 10:25:00,마을 버스,2024-01-06 11:41:00
2024-01-06 12:41:00,지하철 1호선,2024-01-06 14:17:00
2024-01-06 16:06:00,지하철 6호선,2024-01-06 17:27:00
2024-01-06 19:04:00,시내 버스,2024-01-06 20:40:00
2024-01-06 22:12:00,시내 버스,2024-01-06 23:48:00
2024-01-07 00:05:00,지하철 5호선,2024-01-07 01:30:00
2024-01-07 02:18:00,시내 버스,2024-01-07 02:57:00
2024-01-07 03:10:00,마을 버스,2024-01-07 03:38:00
2024-01-07 04:54:00,지하철 7호선,2024-01-07 06:10:00
2024-01-07 06:50:00,지하철 8호선,2024-01-07 08:29:00
2024-01-07 09:28:00,마을 버스,2024-01-07 11:23:00
2024-01-07 12:10:00,시내 버스,2024-01-07 13:28:00
2024-01-07 14:43:00,광역 버스,2024-01-07 16:12:00
2024-01-07 17:19:00,시내 버스,2024-01-07 19:12:00
2024-01-07 20:54:00,지하철 3호선,2024-01-07 22:54:00
2024-01-07 23:05:00,광역 버스,2024-01-08 00:15:00
2024-01-08 02:15:00,마을 버스,2024-01-08 02:57:00
2024-01-08 04:24:00,마을 버스,2024-01-08 05:18:00
2024-01-08 05:36:00,마을 버스,2024-01-08 06:58:00
2024-01-08 08:31:00,지하철 8호선,2024-01-08 09:15:00
2024-01-08 09:36:00,광역 버스,2024-01-08 10:53:00
2024-01-08 11:16:00,마을 버스,2024-01-08 11:40:00
2024-01-08 12:55:00,지하철 4호선,2024-01-08 14:42:00
2024-01-08 16:32:00,지하철 3호선,2024-01-08 16:55:00
2024-01-08 17:49:00,광역 버스,2024-01-08 18:03:00
2024-01-08 19:59:00,시내 버스,2024-01-08 21:53:00
2024-01-08 22:31:00,마을 버스,2024-01-09 00:15:00
2024-01-09 00:33:00,시내 버스,2024-01-09 02:14:00
2024-01-09 02:34:00,지하철 9호선,2024-01-09 04:34:00
2024-01-09 06:10:00,마을 버스,2024-01-09 08:02:00
2024-01-09 08:55:00,마을 버스,2024-01-09 10:43:00
2024-01-09 11:38:00,마을 버스,2024-01-09 12:14:00
2024-01-09 13:18:00,시내 버스,2024-01-09 15:09:00
2024-01-09 15:50:00,지하철 4호선,2024-01-09 16:52:00
2024-01-09 18:32:00,마을 버스,2024-01-09 20:10:00
2024-01-09 20:22:00,시내 버스,2024-01-09 21:00:00
2024-01-09 22:27:00,광역 버스,2024-01-09 23:03:00
2024-01-10 00:10:00,시내 버스,2024-01-10 00:22:00
2024-01-10 01:16:00,지하철 2호선,2024-01-10 02:41:00
2024-01-10 04:24:00,마을 버스,2024-01-10 04:51:00
2024-01-10 06:49:00,마을 버스,2024-01-10 07:16:00
2024-01-10 09:04:00,시내 버스,2024-01-10 10:02:00
2024-01-10 10:18:00,시내 버스,2024-01-10 11:13:00
2024-01-10 11:24:00,마을 버스,2024-01-10 11:35:00
2024-01-10 12:26:00,지하철 8호선,2024-01-10 14:23:00
2024-01-10 14:53:00,시내 버스,2024-01-10 16:24:00
2024-01-10 17:33:00,지하철 8호선,2024-01-10 19:03:00
2024-01-10 19:34:00,광역 버스,2024-01-10 20:12:00
2024-01-10 20:13:00,마을 버스,2024-01-10 21:35:00
2024-01-10 23:30:00,광역 버스,2024-01-11 00:32:00
2024-01-11 01:17:00,지하철 3호선,2024-01-11 02:49:00
2024-01-11 03:40:00,지하철 1호선,2024-01-11 04:14:00
2024-01-11 05:26:00,시내 버스,2024-01-11 06:01:00
2024-01-11 06:57:00,지하철 9호선,2024-01-11 08:09:00
2024-01-11 10:03:00,마을 버스,2024-01-11 11:35:00
2024-01-11 12:09:00,마을 버스,2024-01-11 13:15:00
2024-01-11 13:49:00,지하철 1호선,2024-01-11 15:26:00
2024-01-11 16:07:00,마을 버스,2024-01-11 17:05:00
2024-01-11 18:51:00,지하철 1호선,2024-01-11 19:17:00
2024-01-11 19:56:00,시내 버스,2024-01-11 20:42:00
2024-01-11 21:07:00,시내 버스,2024-01-11 22:19:00
2024-01-11 23:27:00,시내 버스,2024-01-12 00:31:00
2024-01-12 01:49:00,광역 버스,2024-01-12 02:18:00
2024-01-12 03:23:00,마을 버스,2024-01-12 05:15:00
2024-01-12 05:56:00,마을 버스,2024-01-12 06:56:00
2024-01-12 07:44:00,시내 버스,2024-01-12 08:40:00
2024-01-12 10:00:00,지하철 6호선,2024-01-12 10:35:00
2024-01-12 11:00:00,지하철 5호선,2024-01-12 11:49:00
2024-01-12 12:13:00,지하철 9호선,2024-01-12 12:48:00
2024-01-12 13:11:00,지하철 9호선,2024-01-12 15:02:00
2024-01-12 16:35:00,마을 버스,2024-01-12 18:04:00
2024-01-12 18:05:00,시내 버스,2024-01-12 19:23:00
2024-01-12 20:56:00,광역 버스,2024-01-12 22:09:00
2024-01-12 22:09:00,지하철 9호선,2024-01-12 22:19:00
2024-01-12 23:35:00,시내 버스,2024-01-13 00:51:00
2024-01-13 02:03:00,마을 버스,2024-01-13 02:30:00
2024-01-13 04:07:00,지하철 7호선,2024-01-13 05:11:00
2024-01-13 05:27:00,지하철 4호선,2024-01-13 06:03:00
2024-01-13 06:36:00,지하철 9호선,2024-01-13 08:18:00
2024-01-13 09:19:00,광역 버스,2024-01-13 10:11:00
2024-01-13 10:42:00,마을 버스,2024-01-13 12:41:00
2024-01-13 13:10:00,광역 버스,2024-01-13 14:13:00
2024-01-13 14:16:00,지하철 1호선,2024-01-13 15:10:00
2024-01-13 15:57:00,지하철 8호선,2024-01-13 17:00:00
2024-01-13 18:43:00,지하철 2호선,2024-01-13 20:42:00
2024-01-13 22:13:00,광역 버스,2024-01-13 22:50:00
2024-01-13 23:03:00,시내 버스,2024-01-14 00:59:00
2024-01-14 01:17:00,마을 버스,2024-01-14 02:59:00
2024-01-14 03:02:00,지하철 2호선,2024-01-14 04:52:00
2024-01-14 06:31:00,광역 버스,2024-01-14 06:57:00
2024-01-14 08:47:00,시내 버스,2024-01-14 10:37:00
2024-01-14 12:21:00,마을 버스,2024-01-14 13:04:00
2024-01-14 14:22:00,마을 버스,2024-01-14 15:42:00
2024-01-14 15:54:00,시내 버스,2024-01-14 16:56:00
2024-01-14 18:28:00,마을 버스,2024-01-14 18:44:00
2024-01-14 19:11:00,지하철 8호선,2024-01-14 19:40:00
2024-01-14 20:53:00,지하철 3호선,2024-01-14 22:12:00
2024-01-14 23:31:00,마을 버스,2024-01-15 00:08:00
2024-01-15 00:20:00,마을 버스,2024-01-15 00:55:00
2024-01-15 01:56:00,시내 버스,2024-01-15 02:15:00
2024-01-15 03:28:00,지하철 2호선,2024-01-15 05:24:00
2024-01-15 05:25:00,마을 버스,2024-01-15 06:57:00
2024-01-15 06:58:00,마을 버스,2024-01-15 07:46:00
2024-01-15 08:23:00,시내 버스,2024-01-15 10:04:00
2024-01-15 10:06:00,광역 버스,2024-01-15 11:11:00
2024-01-15 12:35:00,시내 버스,2024-01-15 13:36:00
2024-01-15 14:18:00,시내 버스,2024-01-15 15:15:00
2024-01-15 16:33:00,마을 버스,2024-01-15 17:53:00
2024-01-15 19:23:00,시내 버스,2024-01-15 20:58:00
2024-01-15 22:18:00,광역 버스,2024-01-15 23:14:00
2024-01-15 23:48:00,지하철 1호선,2024-01-16 00:42:00
2024-01-16 01:56:00,지하철 3호선,2024-01-16 02:06:00
2024-01-16 02:12:00,광역 버스,2024-01-16 02:36:00
2024-01-16 02:48:00,시내 버스,2024-01-16 04:23:00
2024-01-16 04:32:00,마을 버스,2024-01-16 06:22:00
2024-01-16 07:14:00,마을 버스,2024-01-16 08:48:00
2024-01-16 09:53:00,마을 버스,2024-01-16 10:53:00
2024-01-16 11:40:00,광역 버스,2024-01-16 13:05:00
2024-01-16 14:06:00,지하철 6호선,2024-01-16 15:50:00
2024-01-16 17:43:00,시내 버스,2024-01-16 19:05:00
2024-01-16 21:04:00,광역 버스,2024-01-16 21:59:00
2024-01-16 23:19:00,시내 버스,2024-01-17 01:02:00
2024-01-17 02:22:00,시내 버스,2024-01-17 04:06:00
2024-01-17 05:48:00,마을 버스,2024-01-17 06:59:00
2024-01-17 08:58:00,광역 버스,2024-01-17 09:45:00
2024-01-17 09:59:00,광역 버스,2024-01-17 11:51:00
2024-01-17 12:45:00,광역 버스,2024-01-17 14:35:00
2024-01-17 15:30:00,지하철 7호선,2024-01-17 17:24:00
2024-01-17 18:26:00,광역 버스,2024-01-17 19:50:00
2024-01-17 20:54:00,지하철 6호선,2024-01-17 21:57:00
2024-01-17 22:21:00,마을 버스,2024-01-18 00:17:00
2024-01-18 01:22:00,지하철 9호선,2024-01-18 02:45:00
2024-01-18 04:37:00,지하철 6호선,2024-01-18 04:50:00
2024-01-18 05:34:00,광역 버스,2024-01-18 06:48:00
2024-01-18 07:23:00,마을 버스,2024-01-18 08:01:00
2024-01-18 09:52:00,지하철 5호선,2024-01-18 10:16:00
2024-01-18 11:00:00,지하철 6호선,2024-01-18 12:48:00
2024-01-18 13:33:00,광역 버스,2024-01-18 15:12:00
2024-01-18 16:36:00,지하철 1호선,2024-01-18 18:15:00
2024-01-18 19:32:00,지하철 6호선,2024-01-18 21:06:00
2024-01-18 22:35:00,마을 버스,2024-01-18 22:53:00
2024-01-19 00:05:00,광역 버스,2024-01-19 01:58:00
2024-01-19 03:46:00,지하철 7호선,2024-01-19 04:35:00
2024-01-19 05:27:00,광역 버스,2024-01-19 07:13:00
2024-01-19 08:40:00,지하철 3호선,2024-01-19 10:03:00
2024-01-19 12:00:00,지하철 1호선,2024-01-19 12:36:00
2024-01-19 13:12:00,지하철 7호선,2024-01-19 13:56:00
2024-01-19 15:19:00,시내 버스,2024-01-19 17:11:00
2024-01-19 18:28:00,마을 버스,2024-01-19 19:12:00
2024-01-19 20:54:00,지하철 6호선,2024-01-19 22:00:00
2024-01-19 23:56:00,광역 버스,2024-01-20 00:24:00
2024-01-20 01:59:00,지하철 4호선,2024-01-20 02:41:00
2024-01-20 03:48:00,마을 버스,2024-01-20 04:47:00
2024-01-20 06:07:00,마을 버스,2024-01-20 06:17:00
2024-01-20 07:28:00,광역 버스,2024-01-20 08:37:00
2024-01-20 09:49:00,마을 버스,2024-01-20 10:50:00
2024-01-20 12:48:00,마을 버스,2024-01-20 14:25:00
2024-01-20 16:09:00,시내 버스,2024-01-20 17:24:00
2024-01-20 19:21:00,마을 버스,2024-01-20 20:03:00
2024-01-20 21:50:00,마을 버스,2024-01-20 22:12:00
2024-01-20 22:23:00,광역 버스,2024-01-20 22:52:00
2024-01-21 00:44:00,시내 버스,2024-01-21 01:08:00
2024-01-21 02:31:00,광역 버스,2024-01-21 03:08:00
2024-01-21 04:37:00,시내 버스,2024-01-21 06:19:00
2024-01-21 06:27:00,지하철 6호선,2024-01-21 08:22:00
2024-01-21 09:13:00,시내 버스,2024-01-21 09:29:00
2024-01-21 09:45:00,시내 버스,2024-01-21 11:31:00
2024-01-21 11:34:00,마을 버스,2024-01-21 13:34:00
2024-01-21 13:48:00,광역 버스,2024-01-21 15:16:00
2024-01-21 16:37:00,시내 버스,2024-01-21 16:58:00
2024-01-21 17:58:00,마을 버스,2024-01-21 19:27:00
2024-01-21 21:23:00,시내 버스,2024-01-21 23:22:00
2024-01-21 23:57:00,마을 버스,2024-01-22 01:55:00
2024-01-22 02:19:00,광역 버스,2024-01-22 02:31:00
2024-01-22 02:55:00,마을 버스,2024-01-22 03:42:00
2024-01-22 05:32:00,광역 버스,2024-01-22 07:30:00
2024-01-22 08:37:00,시내 버스,2024-01-22 09:27:00
2024-01-22 11:08:00,마을 버스,2024-01-22 12:26:00
2024-01-22 12:55:00,시내 버스,2024-01-22 14:03:00
2024-01-22 14:52:00,시내 버스,2024-01-22 15:56:00
2024-01-22 16:42:00,지하철 3호선,2024-01-22 17:31:00
2024-01-22 19:13:00,광역 버스,2024-01-22 20:45:00
2024-01-22 21:34:00,광역 버스,2024-01-22 23:20:00
2024-01-22 23:46:00,지하철 3호선,2024-01-23 01:25:00
2024-01-23 01:38:00,광역 버스,2024-01-23 02:40:00
2024-01-23 03:50:00,시내 버스,2024-01-23 04:56:00
2024-01-23 05:04:00,광역 버스,2024-01-23 06:55:00
2024-01-23 08:08:00,시내 버스,2024-01-23 08:53:00
2024-01-23 10:34:00,시내 버스,2024-01-23 12:04:00
2024-01-23 13:24:00,시내 버스,2024-01-23 15:12:00
2024-01-23 17:07:00,지하철 4호선,2024-01-23 18:28:00
2024-01-23 19:40:00,지하철 5호선,2024-01-23 20:15:00
2024-01-23 22:10:00,지하철 6호선,2024-01-23 23:48:00
2024-01-24 01:07:00,광역 버스,2024-01-24 02:25:00
2024-01-24 03:57:00,마을 버스,2024-01-24 04:39:00
2024-01-24 05:56:00,광역 버스,2024-01-24 07:02:00
2024-01-24 07:55:00,지하철 6호선,2024-01-24 08:32:00
2024-01-24 09:55:00,지하철 5호선,2024-01-24 11:11:00
2024-01-24 12:15:00,광역 버스,2024-01-24 13:40:00
2024-01-24 15:11:00,마을 버스,2024-01-24 16:38:00
2024-01-24 17:02:00,시내 버스,2024-01-24 17:53:00
2024-01-24 18:43:00,시내 버스,2024-01-24 19:08:00
2024-01-24 19:53:00,마을 버스,2024-01-24 20:20:00
2024-01-24 22:20:00,지하철 8호선,2024-01-24 23:52:00
2024-01-25 00:36:00,마을 버스,2024-01-25 02:21:00
2024-01-25 02:24:00,광역 버스,2024-01-25 04:22:00
2024-01-25 05:40:00,마을 버스,2024-01-25 06:10:00
2024-01-25 06:30:00,지하철 3호선,2024-01-25 08:24:00
2024-01-25 08:44:00,시내 버스,2024-01-25 09:43:00
2024-01-25 10:42:00,시내 버스,2024-01-25 11:55:00
2024-01-25 12:07:00,마을 버스,2024-01-25 13:14:00
2024-01-25 14:42:00,지하철 4호선,2024-01-25 15:40:00
2024-01-25 16:08:00,마을 버스,2024-01-25 16:22:00
2024-01-25 17:42:00,시내 버스,2024-01-25 19:19:00
2024-01-25 20:28:00,광역 버스,2024-01-25 22:05:00
2024-01-25 23:06:00,광역 버스,2024-01-26 00:27:00
2024-01-26 01:02:00,시내 버스,2024-01-26 01:37:00
2024-01-26 03:14:00,광역 버스,2024-01-26 03:44:00
2024-01-26 04:25:00,지하철 1호선,2024-01-26 05:48:00
2024-01-26 07:31:00,지하철 1호선,2024-01-26 08:06:00
2024-01-26 08:51:00,지하철 1호선,2024-01-26 09:17:00
2024-01-26 10:07:00,마을 버스,2024-01-26 11:18:00
2024-01-26 12:06:00,광역 버스,2024-01-26 12:56:00
2024-01-26 14:51:00,지하철 7호선,2024-01-26 16:11:00
2024-01-26 16:39:00,광역 버스,2024-01-26 18:03:00
2024-01-26 18:20:00,시내 버스,2024-01-26 20:01:00
2024-01-26 21:19:00,시내 버스,2024-01-26 22:24:00
2024-01-26 22:42:00,지하철 3호선,2024-01-26 23:04:00
2024-01-27 00:59:00,광역 버스,2024-01-27 02:28:00
2024-01-27 03:58:00,지하철 6호선,2024-01-27 05:27:00
2024-01-27 07:09:00,시내 버스,2024-01-27 07:28:00
2024-01-27 08:53:00,시내 버스,2024-01-27 09:04:00
2024-01-27 10:22:00,광역 버스,2024-01-27 11:39:00
2024-01-27 12:37:00,광역 버스,2024-01-27 13:24:00
2024-01-27 13:57:00,지하철 3호선,2024-01-27 14:36:00
2024-01-27 16:17:00,시내 버스,2024-01-27 17:47:00
2024-01-27 19:37:00,마을 버스,2024-01-27 20:58:00
2024-01-27 21:47:00,광역 버스,2024-01-27 23:11:00
2024-01-27 23:38:00,마을 버스,2024-01-28 01:38:00
2024-01-28 02:45:00,마을 버스,2024-01-28 04:27:00
2024-01-28 04:47:00,마을 버스,2024-01-28 05:11:00
2024-01-28 05:55:00,지하철 2호선,2024-01-28 06:57:00
2024-01-28 08:26:00,지하철 9호선,2024-01-28 10:15:00
2024-01-28 11:49:00,지하철 2호선,2024-01-28 12:38:00
2024-01-28 13:44:00,광역 버스,2024-01-28 14:28:00
2024-01-28 15:32:00,마을 버스,2024-01-28 16:20:00
2024-01-28 17:42:00,광역 버스,2024-01-28 18:22:00
2024-01-28 20:16:00,지하철 6호선,2024-01-28 21:12:00
2024-01-28 23:05:00,시내 버스,2024-01-28 23:46:00
2024-01-29 01:02:00,마을 버스,2024-01-29 02:56:00
2024-01-29 04:50:00,광역 버스,2024-01-29 06:03:00
2024-01-29 06:25:00,마을 버스,2024-01-29 07:08:00
2024-01-29 07:46:00,시내 버스,2024-01-29 09:19:00
2024-01-29 09:25:00,마을 버스,2024-01-29 11:19:00
2024-01-29 12:52:00,광역 버스,2024-01-29 13:50:00
2024-01-29 15:44:00,시내 버스,2024-01-29 16:15:00
2024-01-29 17:31:00,마을 버스,2024-01-29 18:53:00
2024-01-29 19:05:00,지하철 6호선,2024-01-29 20:14:00
2024-01-29 20:43:00,광역 버스,2024-01-29 22:16:00
2024-01-30 00:10:00,시내 버스,2024-01-30 02:02:00
2024-01-30 02:27:00,지하철 9호선,2024-01-30 03:31:00
2024-01-30 05:05:00,지하철 6호선,2024-01-30 06:09:00
2024-01-30 07:19:00,지하철 4호선,2024-01-30 08:33:00
2024-01-30 08:43:00,광역 버스,2024-01-30 09:02:00
2024-01-30 09:36:00,광역 버스,2024-01-30 11:12:00
2024-01-30 12:09:00,마을 버스,2024-01-30 12:25:00
2024-01-30 12:28:00,광역 버스,2024-01-30 12:39:00
2024-01-30 14:36:00,지하철 4호선,2024-01-30 16:10:00
2024-01-30 16:40:00,광역 버스,2024-01-30 17:15:00
2024-01-30 18:16:00,시내 버스,2024-01-30 19:57:00
2024-01-30 21:37:00,지하철 6호선,2024-01-30 22:39:00
2024-01-31 00:15:00,지하철 8호선,2024-01-31 01:09:00
2024-01-31 02:33:00,시내 버스,2024-01-31 04:03:00
2024-01-31 04:20:00,지하철 7호선,2024-01-31 04:48:00
2024-01-31 05:14:00,마을 버스,2024-01-31 06:06:00
2024-01-31 07:45:00,시내 버스,2024-01-31 08:49:00
2024-01-31 09:06:00,광역 버스,2024-01-31 11:02:00
2024-01-31 12:18:00,마을 버스,2024-01-31 12:31:00
2024-01-31 13:33:00,마을 버스,2024-01-31 14:01:00
2024-01-31 15:15:00,지하철 1호선,2024-01-31 17:11:00
2024-01-31 17:47:00,마을 버스,2024-01-31 18:33:00
2024-01-31 19:25:00,지하철 2호선,2024-01-31 20:13:00
2024-01-31 20:38:00,광역 버스,2024-01-31 22:32:00
2024-01-31 23:15:00,시내 버스,2024-01-31 23:52:00
2024-01-31 23:58:00,마을 버스,2024-02-01 00:20:00
