2024-01-01 00:00:00,시내 버스,2024-01-01 01:40:00
2024-01-01 02:06:00,광역 버스,2024-01-01 03:01:00
2024-01-01 04:24:00,지하철 3호선,2024-01-01 05:26:00
2024-01-01 06:36:00,시내 버스,2024-01-01 07:25:00
2024-01-01 08:52:00,시내 버스,2024-01-01 10:24:00
2024-01-01 10:39:00,지하철 3호선,2024-01-01 12:35:00
2024-01-01 13:22:00,마을 버스,2024-01-01 14:37:00
2024-01-01 15:16:00,지하철 2호선,2024-01-01 15:43:00
2024-01-01 17:32:00,시내 버스,2024-01-01 18:59:00
2024-01-01 20:33:00,마을 버스,2024-01-01 20:49:00
2024-01-01 21:16:00,광역 버스,2024-01-01 21:34:00
2024-01-01 23:20:00,지하철 6호선,2024-01-02 00:37:00
2024-01-02 01:10:00,시내 버스,2024-01-02 02:54:00
2024-01-02 04:23:00,광역 버스,2024-01-02 05:42:00
2024-01-02 07:04:00,마을 버스,2024-01-02 08:29:00
2024-01-02 10:12:00,지하철 7호선,2024-01-02 11:26:00
2024-01-02 11:41:00,광역 버스,2024-01-02 11:54:00
2024-01-02 13:41:00,광역 버스,2024-01-02 13:54:00
2024-01-02 14:57:00,광역 버스,2024-01-02 15:10:00
2024-01-02 15:16:00,지하철 3호선,2024-01-02 16:15:00
2024-01-02 17:47:00,지하철 4호선,2024-01-02 19:05:00
2024-01-02 19:06:00,마을 버스,2024-01-02 20:23:00
2024-01-02 21:04:00,시내 버스,2024-01-02 21:50:00
2024-01-02 22:44:00,시내 버스,2024-01-03 00:43:00
2024-01-03 01:05:00,지하철 8호선,2024-01-03 02:22:00
2024-01-03 03:36:00,광역 버스,2024-01-03 05:12:00
2024-01-03 05:31:00,시내 버스,2024-01-03 06:06:00
2024-01-03 07:37:00,광역 버스,2024-01-03 08:11:00
2024-01-03 08:24:00,지하철 8호선,2024-01-03 08:42:00
2024-01-03 10:12:00,마을 버스,2024-01-03 10:27:00
2024-01-03 11:51:00,지하철 8호선,2024-01-03 12:42:00
2024-01-03 14:42:00,마을 버스,2024-01-03 15:07:00
2024-01-03 16:50:00,시내 버스,2024-01-03 18:31:00
2024-01-03 19:04:00,지하철 5호선,2024-01-03 20:53:00
2024-01-03 21:12:00,지하철 1호선,2024-01-03 22:06:00
2024-01-03 22:12:00,시내 버스,2024-01-03 22:41:00
2024-01-03 23:05:00,광역 버스,2024-01-04 00:16:00
2024-01-04 00:46:00,시내 버스,2024-01-04 01:20:00
2024-01-04 02:46:00,광역 버스,2024-01-04 04:26:00
2024-01-04 05:09:00,마을 버스,2024-01-04 06:09:00
2024-01-04 07:04:00,지하철 1호선,2024-01-04 08:09:00
2024-01-04 08:19:00,마을 버스,2024-01-04 08:45:00
2024-01-04 09:46:00,마을 버스,2024-01-04 11:25:00
2024-01-04 12:25:00,광역 버스,2024-01-04 12:38:00
2024-01-04 13:20:00,광역 버스,2024-01-04 13:48:00
2024-01-04 15:10:00,시내 버스,2024-01-04 17:03:00
2024-01-04 17:52:00,광역 버스,2024-01-04 18:55:00
2024-01-04 20:52:00,시내 버스,2024-01-04 21:30:00
2024-01-04 23:13:00,광역 버스,2024-01-04 23:40:00
2024-01-05 01:30:00,마을 버스,2024-01-05 03:28:00
2024-01-05 04:45:00,지하철 3호선,2024-01-05 05:20:00
2024-01-05 07:14:00,지하철 9호선,2024-01-05 07:39:00
2024-01-05 08:22:00,시내 버스,2024-01-05 09:59:00
2024-01-05 11:20:00,지하철 5호선,2024-01-05 11:42:00
2024-01-05 13:13:00,마을 버스,2024-01-05 15:02:00
2024-01-05 16:07:00,광역 버스,2024-01-05 17:17:00
2024-01-05 17:59:00,마을 버스,2024-01-05 18:46:00
2024-01-05 18:52:00,광역 버스,2024-01-05 19:58:00
2024-01-05 19:58:00,지하철 3호선,2024-01-05 21:03:00
2024-01-05 21:11:00,지하철 5호선,2024-01-05 21:59:00
2024-01-05 23:57:00,광역 버스,2024-01-06 00:18:00
2024-01-06 00:22:00,지하철 8호선,2024-01-06 01:36:00
2024-01-06 03:29:00,마을 버스,2024-01-06 04:53:00
2024-01-06 04:56:00,지하철 1호선,2024-01-06 05:40:00
2024-01-06 07:14:00,마을 버스,2024-01-06 08:03:00
2024-01-06 09:08:00,지하철 8호선,2024-01-06 09:19:00
2024-01-06 10:27:00,마을 버스,2024-01-06 10:50:00
2024-01-06 11:12:00,시내 버스,2024-01-06 11:44:00
2024-01-06 13:07:00,마을 버스,2024-01-06 13:44:00
2024-01-06 15:01:00,지하철 3호선,2024-01-06 16:19:00
2024-01-06 16:54:00,지하철 5호선,2024-01-06 18:10:00
2024-01-06 19:02:00,광역 버스,2024-01-06 19:22:00
2024-01-06 21:17:00,시내 버스,2024-01-06 22:28:00
2024-01-06 23:02:00,지하철 2호선,2024-01-07 00:30:00
2024-01-07 02:13:00,광역 버스,2024-01-07 03:17:00
2024-01-07 04:23:00,마을 버스,2024-01-07 04:54:00
2024-01-07 04:58:00,지하철 6호선,2024-01-07 05:16:00
2024-01-07 05:40:00,지하철 4호선,2024-01-07 07:22:00
2024-01-07 09:05:00,광역 버스,2024-01-07 10:35:00
2024-01-07 11:50:00,지하철 2호선,2024-01-07 12:42:00
2024-01-07 13:02:00,광역 버스,2024-01-07 14:07:00
2024-01-07 14:57:00,지하철 9호선,2024-01-07 15:12:00
2024-01-07 16:38:00,광역 버스,2024-01-07 17:51:00
2024-01-07 17:57:00,광역 버스,2024-01-07 19:57:00
2024-01-07 21:53:00,지하철 3호선,2024-01-07 23:11:00
2024-01-08 01:05:00,광역 버스,2024-01-08 02:45:00
2024-01-08 03:02:00,시내 버스,2024-01-08 03:49:00
2024-01-08 05:20:00,지하철 5호선,2024-01-08 06:29:00
2024-01-08 07:51:00,시내 버스,2024-01-08 09:08:00
2024-01-08 11:01:00,시내 버스,2024-01-08 11:49:00
2024-01-08 13:05:00,시내 버스,2024-01-08 13:15:00
2024-01-08 15:08:00,마을 버스,2024-01-08 15:21:00
2024-01-08 16:54:00,마을 버스,2024-01-08 18:44:00
2024-01-08 20:28:00,지하철 7호선,2024-01-08 21:16:00
2024-01-08 21:51:00,시내 버스,2024-01-08 23:34:00
2024-01-09 00:08:00,마을 버스,2024-01-09 01:27:00
2024-01-09 01:51:00,마을 버스,2024-01-09 02:07:00
2024-01-09 03:31:00,광역 버스,2024-01-09 04:11:00
2024-01-09 04:36:00,지하철 4호선,2024-01-09 05:20:00
2024-01-09 07:14:00,시내 버스,2024-01-09 08:17:00
2024-01-09 08:21:00,마을 버스,2024-01-09 09:36:00
2024-01-09 09:57:00,지하철 2호선,2024-01-09 10:16:00
2024-01-09 10:27:00,광역 버스,2024-01-09 12:24:00
2024-01-09 12:40:00,마을 버스,2024-01-09 13:42:00
2024-01-09 14:35:00,마을 버스,2024-01-09 15:00:00
2024-01-09 16:58:00,마을 버스,2024-01-09 18:02:00
2024-01-09 18:05:00,광역 버스,2024-01-09 19:14:00
2024-01-09 20:17:00,지하철 9호선,2024-01-09 20:29:00
2024-01-09 22:05:00,지하철 2호선,2024-01-09 23:49:00
2024-01-10 01:02:00,마을 버스,2024-01-10 02:12:00
2024-01-10 02:55:00,시내 버스,2024-01-10 03:14:00
2024-01-10 04:00:00,지하철 8호선,2024-01-10 05:12:00
2024-01-10 06:26:00,시내 버스,2024-01-10 07:34:00
2024-01-10 09:21:00,마을 버스,2024-01-10 10:48:00
2024-01-10 10:53:00,광역 버스,2024-01-10 12:53:00
2024-01-10 13:50:00,마을 버스,2024-01-10 15:09:00
2024-01-10 16:43:00,시내 버스,2024-01-10 18:21:00
2024-01-10 19:33:00,지하철 6호선,2024-01-10 20:37:00
2024-01-10 21:17:00,마을 버스,2024-01-10 22:56:00
2024-01-11 00:21:00,지하철 4호선,2024-01-11 01:05:00
2024-01-11 01:52:00,지하철 4호선,2024-01-11 03:04:00
2024-01-11 04:33:00,마을 버스,2024-01-11 06:16:00
2024-01-11 07:52:00,마을 버스,2024-01-11 09:10:00
2024-01-11 09:54:00,시내 버스,2024-01-11 11:45:00
2024-01-11 12:42:00,마을 버스,2024-01-11 13:36:00
2024-01-11 14:15:00,마을 버스,2024-01-11 14:49:00
2024-01-11 15:14:00,광역 버스,2024-01-11 16:08:00
2024-01-11 17:31:00,마을 버스,2024-01-11 19:00:00
2024-01-11 20:26:00,지하철 8호선,2024-01-11 21:53:00
2024-01-11 23:27:00,광역 버스,2024-01-12 00:57:00
2024-01-12 02:00:00,시내 버스,2024-01-12 03:37:00
2024-01-12 05:24:00,마을 버스,2024-01-12 06:36:00
2024-01-12 07:39:00,광역 버스,2024-01-12 08:41:00
2024-01-12 10:17:00,시내 버스,2024-01-12 12:12:00
2024-01-12 14:12:00,광역 버스,2024-01-12 15:54:00
2024-01-12 17:30:00,광역 버스,2024-01-12 17:42:00
2024-01-12 18:52:00,지하철 3호선,2024-01-12 19:10:00
2024-01-12 20:44:00,광역 버스,2024-01-12 22:43:00
2024-01-12 23:37:00,마을 버스,2024-01-13 00:54:00
2024-01-13 02:18:00,지하철 5호선,2024-01-13 03:38:00
2024-01-13 04:38:00,마을 버스,2024-01-13 05:41:00
2024-01-13 06:14:00,지하철 3호선,2024-01-13 06:34:00
2024-01-13 07:48:00,시내 버스,2024-01-13 09:36:00
2024-01-13 11:10:00,광역 버스,2024-01-13 11:51:00
2024-01-13 13:12:00,시내 버스,2024-01-13 14:37:00
2024-01-13 15:11:00,광역 버스,2024-01-13 16:01:00
2024-01-13 16:53:00,지하철 1호선,2024-01-13 17:19:00
2024-01-13 18:08:00,지하철 8호선,2024-01-13 18:54:00
2024-01-13 20:00:00,광역 버스,2024-01-13 20:24:00
2024-01-13 21:05:00,마을 버스,2024-01-13 22:19:00
2024-01-13 23:01:00,마을 버스,2024-01-13 23:19:00
2024-01-13 23:42:00,광역 버스,2024-01-14 00:41:00
2024-01-14 01:20:00,지하철 2호선,2024-01-14 03:09:00
2024-01-14 04:21:00,지하철 4호선,2024-01-14 05:26:00
2024-01-14 05:46:00,광역 버스,2024-01-14 07:30:00
2024-01-14 09:25:00,시내 버스,2024-01-14 10:32:00
2024-01-14 12:17:00,지하철 8호선,2024-01-14 12:49:00
2024-01-14 13:13:00,시내 버스,2024-01-14 13:53:00
2024-01-14 15:19:00,마을 버스,2024-01-14 16:17:00
2024-01-14 16:36:00,마을 버스,2024-01-14 16:49:00
2024-01-14 18:29:00,지하철 4호선,2024-01-14 20:23:00
2024-01-14 21:21:00,광역 버스,2024-01-14 22:46:00
2024-01-15 00:07:00,마을 버스,2024-01-15 01:30:00
2024-01-15 02:46:00,지하철 5호선,2024-01-15 03:30:00
2024-01-15 04:38:00,시내 버스,2024-01-15 05:14:00
2024-01-15 05:18:00,광역 버스,2024-01-15 06:42:00
2024-01-15 07:18:00,지하철 8호선,2024-01-15 08:24:00
2024-01-15 09:18:00,마을 버스,2024-01-15 10:23:00
2024-01-15 10:55:00,지하철 6호선,2024-01-15 12:24:00
2024-01-15 14:10:00,광역 버스,2024-01-15 14:24:00
2024-01-15 15:14:00,광역 버스,2024-01-15 16:43:00
2024-01-15 16:54:00,시내 버스,2024-01-15 17:10:00
2024-01-15 18:27:00,마을 버스,2024-01-15 19:28:00
2024-01-15 20:26:00,마을 버스,2024-01-15 21:07:00
2024-01-15 22:45:00,지하철 2호선,2024-01-15 23:40:00
2024-01-16 01:06:00,광역 버스,2024-01-16 01:39:00
2024-01-16 02:08:00,지하철 4호선,2024-01-16 03:55:00
2024-01-16 04:35:00,광역 버스,2024-01-16 06:26:00
2024-01-16 07:03:00,광역 버스,2024-01-16 07:39:00
2024-01-16 08:47:00,광역 버스,2024-01-16 09:05:00
2024-01-16 11:00:00,지하철 8호선,2024-01-16 11:45:00
2024-01-16 12:39:00,마을 버스,2024-01-16 14:20:00
2024-01-16 14:26:00,마을 버스,2024-01-16 16:04:00
2024-01-16 17:18:00,시내 버스,2024-01-16 18:22:00
2024-01-16 19:46:00,마을 버스,2024-01-16 20:57:00
2024-01-16 22:38:00,마을 버스,2024-01-16 23:04:00
2024-01-17 00:59:00,마을 버스,2024-01-17 02:18:00
2024-01-17 02:19:00,광역 버스,2024-01-17 03:17:00
2024-01-17 04:31:00,지하철 6호선,2024-01-17 04:43:00
2024-01-17 05:25:00,마을 버스,2024-01-17 06:55:00
2024-01-17 08:35:00,시내 버스,2024-01-17 09:49:00
2024-01-17 11:34:00,광역 버스,2024-01-17 13:24:00
2024-01-17 14:43:00,시내 버스,2024-01-17 16:43:00
2024-01-17 16:58:00,지하철 9호선,2024-01-17 17:09:00
2024-01-17 18:19:00,광역 버스,2024-01-17 19:44:00
2024-01-17 20:43:00,광역 버스,2024-01-17 22:13:00
2024-01-17 23:32:00,마을 버스,2024-01-18 00:08:00
2024-01-18 00:28:00,지하철 6호선,2024-01-18 00:58:00
2024-01-18 02:00:00,마을 버스,2024-01-18 02:41:00
2024-01-18 02:54:00,시내 버스,2024-01-18 03:45:00
2024-01-18 04:29:00,지하철 2호선,2024-01-18 06:13:00
2024-01-18 07:50:00,광역 버스,2024-01-18 08:51:00
2024-01-18 10:01:00,지하철 9호선,2024-01-18 11:25:00
2024-01-18 13:15:00,마을 버스,2024-01-18 14:56:00
2024-01-18 15:12:00,지하철 4호선,2024-01-18 17:02:00
2024-01-18 17:47:00,광역 버스,2024-01-18 19:30:00
2024-01-18 19:48:00,마을 버스,2024-01-18 20:07:00
2024-01-18 22:03:00,시내 버스,2024-01-18 23:34:00
2024-01-19 01:29:00,마을 버스,2024-01-19 03:10:00
2024-01-19 03:30:00,지하철 5호선,2024-01-19 04:38:00
2024-01-19 05:45:00,광역 버스,2024-01-19 07:27:00
2024-01-19 08:07:00,시내 버스,2024-01-19 08:29:00
2024-01-19 09:08:00,마을 버스,2024-01-19 10:49:00
2024-01-19 12:18:00,마을 버스,2024-01-19 12:59:00
2024-01-19 13:25:00,지하철 6호선,2024-01-19 14:15:00
2024-01-19 14:19:00,지하철 2호선,2024-01-19 16:05:00
2024-01-19 17:17:00,광역 버스,2024-01-19 18:19:00
2024-01-19 19:58:00,광역 버스,2024-01-19 20:40:00
2024-01-19 21:04:00,광역 버스,2024-01-19 22:11:00
2024-01-19 22:25:00,지하철 4호선,2024-01-20 00:05:00
2024-01-20 00:38:00,시내 버스,2024-01-20 01:07:00
2024-01-20 02:15:00,광역 버스,2024-01-20 04:05:00
2024-01-20 05:02:00,마을 버스,2024-01-20 06:24:00
2024-01-20 06:32:00,마을 버스,2024-01-20 07:47:00
2024-01-20 08:09:00,광역 버스,2024-01-20 10:07:00
2024-01-20 11:21:00,지하철 8호선,2024-01-20 12:38:00
2024-01-20 14:37:00,시내 버스,2024-01-20 15:36:00
2024-01-20 16:46:00,지하철 7호선,2024-01-20 17:01:00
2024-01-20 17:35:00,마을 버스,2024-01-20 19:07:00
2024-01-20 20:36:00,광역 버스,2024-01-20 22:26:00
2024-01-21 00:11:00,광역 버스,2024-01-21 00:51:00
2024-01-21 01:29:00,광역 버스,2024-01-21 01:58:00
2024-01-21 03:21:00,시내 버스,2024-01-21 04:04:00
2024-01-21 04:57:00,광역 버스,2024-01-21 06:46:00
2024-01-21 08:05:00,시내 버스,2024-01-21 09:36:00
2024-01-21 10:42:00,마을 버스,2024-01-21 11:49:00
2024-01-21 13:34:00,광역 버스,2024-01-21 15:06:00
2024-01-21 15:44:00,마을 버스,2024-01-21 17:37:00
2024-01-21 18:25:00,지하철 3호선,2024-01-21 19:35:00
2024-01-21 20:04:00,지하철 2호선,2024-01-21 21:49:00
2024-01-21 22:32:00,지하철 4호선,2024-01-21 22:57:00
2024-01-22 00:05:00,마을 버스,2024-01-22 02:00:00
2024-01-22 03:30:00,마을 버스,2024-01-22 04:46:00
2024-01-22 05:15:00,광역 버스,2024-01-22 06:12:00
2024-01-22 07:43:00,마을 버스,2024-01-22 07:59:00
2024-01-22 09:42:00,마을 버스,2024-01-22 10:59:00
2024-01-22 11:55:00,시내 버스,2024-01-22 12:39:00
2024-01-22 12:52:00,지하철 6호선,2024-01-22 13:17:00
2024-01-22 13:23:00,광역 버스,2024-01-22 14:19:00
2024-01-22 15:05:00,마을 버스,2024-01-22 15:44:00
2024-01-22 16:17:00,시내 버스,2024-01-22 17:48:00
2024-01-22 19:20:00,광역 버스,2024-01-22 19:45:00
2024-01-22 21:44:00,광역 버스,2024-01-22 23:33:00
2024-01-23 00:16:00,지하철 9호선,2024-01-23 01:23:00
2024-01-23 02:30:00,마을 버스,2024-01-23 02:42:00
2024-01-23 03:54:00,시내 버스,2024-01-23 04:33:00
2024-01-23 04:50:00,지하철 2호선,2024-01-23 06:34:00
2024-01-23 07:17:00,지하철 9호선,2024-01-23 07:45:00
2024-01-23 07:46:00,마을 버스,2024-01-23 09:34:00
2024-01-23 10:52:00,시내 버스,2024-01-23 11:09:00
2024-01-23 13:04:00,지하철 2호선,2024-01-23 15:01:00
2024-01-23 16:37:00,시내 버스,2024-01-23 18:22:00
2024-01-23 18:45:00,마을 버스,2024-01-23 19:08:00
2024-01-23 19:08:00,시내 버스,2024-01-23 20:22:00
2024-01-23 21:08:00,마을 버스,2024-01-23 22:15:00
2024-01-23 22:26:00,광역 버스,2024-01-23 23:18:00
2024-01-23 23:40:00,마을 버스,2024-01-23 23:50:00
2024-01-24 01:48:00,지하철 6호선,2024-01-24 03:04:00
2024-01-24 04:14:00,광역 버스,2024-01-24 05:18:00
2024-01-24 06:17:00,지하철 1호선,2024-01-24 07:32:00
2024-01-24 08:08:00,지하철 3호선,2024-01-24 10:08:00
2024-01-24 11:04:00,지하철 2호선,2024-01-24 12:23:00
2024-01-24 12:47:00,마을 버스,2024-01-24 13:35:00
2024-01-24 14:59:00,시내 버스,2024-01-24 16:13:00
2024-01-24 17:19:00,마을 버스,2024-01-24 17:51:00
2024-01-24 19:05:00,광역 버스,2024-01-24 20:12:00
2024-01-24 21:18:00,마을 버스,2024-01-24 22:56:00
2024-01-24 23:29:00,마을 버스,2024-01-24 23:40:00
2024-01-25 00:14:00,광역 버스,2024-01-25 01:19:00
2024-01-25 02:57:00,광역 버스,2024-01-25 04:44:00
2024-01-25 05:39:00,시내 버스,2024-01-25 06:44:00
2024-01-25 07:28:00,마을 버스,2024-01-25 07:42:00
2024-01-25 08:37:00,지하철 6호선,2024-01-25 09:10:00
2024-01-25 10:47:00,광역 버스,2024-01-25 11:21:00
2024-01-25 12:55:00,지하철 7호선,2024-01-25 14:05:00
2024-01-25 14:50:00,마을 버스,2024-01-25 15:34:00
2024-01-25 15:58:00,지하철 5호선,2024-01-25 17:07:00
2024-01-25 19:07:00,지하철 3호선,2024-01-25 19:48:00
2024-01-25 20:41:00,시내 버스,2024-01-25 20:56:00
2024-01-25 21:04:00,시내 버스,2024-01-25 22:18:00
2024-01-26 00:05:00,지하철 1호선,2024-01-26 00:57:00
2024-01-26 01:46:00,광역 버스,2024-01-26 03:24:00
2024-01-26 05:23:00,시내 버스,2024-01-26 06:12:00
2024-01-26 06:51:00,마을 버스,2024-01-26 07:09:00
2024-01-26 08:38:00,마을 버스,2024-01-26 10:24:00
2024-01-26 11:39:00,마을 버스,2024-01-26 12:45:00
2024-01-26 13:54:00,시내 버스,2024-01-26 14:49:00
2024-01-26 16:49:00,지하철 2호선,2024-01-26 18:21:00
2024-01-26 20:01:00,광역 버스,2024-01-26 20:30:00
2024-01-26 21:53:00,광역 버스,2024-01-26 23:18:00
2024-01-27 00:18:00,지하철 6호선,2024-01-27 01:25:00
2024-01-27 01:36:00,시내 버스,2024-01-27 02:57:00
2024-01-27 04:54:00,지하철 5호선,2024-01-27 05:06:00
2024-01-27 05:40:00,지하철 2호선,2024-01-27 05:57:00
2024-01-27 06:51:00,지하철 3호선,2024-01-27 07:32:00
2024-01-27 08:49:00,시내 버스,2024-01-27 09:51:00
2024-01-27 10:14:00,시내 버스,2024-01-27 11:14:00
2024-01-27 12:29:00,시내 버스,2024-01-27 13:54:00
2024-01-27 15:48:00,마을 버스,2024-01-27 17:26:00
2024-01-27 18:18:00,시내 버스,2024-01-27 18:49:00
2024-01-27 20:33:00,마을 버스,2024-01-27 21:31:00
2024-01-27 21:58:00,광역 버스,2024-01-27 23:33:00
2024-01-27 23:38:00,지하철 1호선,2024-01-28 01:07:00
2024-01-28 02:36:00,지하철 7호선,2024-01-28 02:55:00
2024-01-28 04:30:00,마을 버스,2024-01-28 06:14:00
2024-01-28 07:14:00,시내 버스,2024-01-28 08:08:00
2024-01-28 09:01:00,지하철 2호선,2024-01-28 10:01:00
2024-01-28 11:41:00,지하철 6호선,2024-01-28 13:23:00
2024-01-28 13:52:00,마을 버스,2024-01-28 14:50:00
2024-01-28 15:18:00,마을 버스,2024-01-28 16:42:00
2024-01-28 17:26:00,마을 버스,2024-01-28 17:58:00
2024-01-28 19:44:00,지하철 4호선,2024-01-28 21:44:00
2024-01-28 22:38:00,광역 버스,2024-01-28 23:10:00
2024-01-29 00:37:00,시내 버스,2024-01-29 02:37:00
2024-01-29 03:10:00,시내 버스,2024-01-29 04:27:00
2024-01-29 05:49:00,시내 버스,2024-01-29 06:49:00
2024-01-29 07:50:00,지하철 1호선,2024-01-29 08:05:00
2024-01-29 08:54:00,시내 버스,2024-01-29 09:47:00
2024-01-29 10:48:00,지하철 4호선,2024-01-29 11:19:00
2024-01-29 11:57:00,마을 버스,2024-01-29 13:03:00
2024-01-29 14:39:00,지하철 4호선,2024-01-29 14:59:00
2024-01-29 15:44:00,마을 버스,2024-01-29 17:16:00
2024-01-29 17:18:00,마을 버스,2024-01-29 19:02:00
2024-01-29 19:49:00,광역 버스,2024-01-29 20:11:00
2024-01-29 21:34:00,지하철 3호선,2024-01-29 23:18:00
2024-01-29 23:27:00,시내 버스,2024-01-30 00:54:00
2024-01-30 01:48:00,시내 버스,2024-01-30 03:25:00
2024-01-30 04:24:00,광역 버스,2024-01-30 06:20:00
2024-01-30 08:02:00,시내 버스,2024-01-30 09:49:00
2024-01-30 10:38:00,마을 버스,2024-01-30 11:17:00
2024-01-30 12:10:00,광역 버스,2024-01-30 13:11:00
2024-01-30 14:40:00,광역 버스,2024-01-30 16:05:00
2024-01-30 16:51:00,광역 버스,2024-01-30 18:10:00
2024-01-30 19:41:00,지하철 7호선,2024-01-30 21:41:00
2024-01-30 23:15:00,시내 버스,2024-01-31 00:01:00
2024-01-31 00:16:00,시내 버스,2024-01-31 00:45:00
2024-01-31 02:38:00,시내 버스,2024-01-31 02:54:00
2024-01-31 03:24:00,마을 버스,2024-01-31 04:36:00
2024-01-31 05:03:00,광역 버스,2024-01-31 05:55:00
2024-01-31 06:16:00,광역 버스,2024-01-31 06:53:00
2024-01-31 08:40:00,시내 버스,2024-01-31 10:07:00
2024-01-31 10:46:00,마을 버스,2024-01-31 11:44:00
2024-01-31 11:46:00,마을 버스,2024-01-31 12:30:00
2024-01-31 12:54:00,시내 버스,2024-01-31 13:50:00
2024-01-31 14:18:00,광역 버스,2024-01-31 15:22:00
2024-01-31 15:49:00,시내 버스,2024-01-31 16:58:00
2024-01-31 17:56:00,지하철 2호선,2024-01-31 19:04:00
2024-01-31 20:59:00,광역 버스,2024-01-31 22:25:00
2024-01-31 23:54:00,지하철 4호선,2024-02-01 01:45:00
