2024-01-01 00:00:00,시내 버스,2024-01-01 01:36:00
2024-01-01 03:07:00,지하철 8호선,2024-01-01 04:07:00
2024-01-01 04:59:00,시내 버스,2024-01-01 05:58:00
2024-01-01 07:20:00,지하철 4호선,2024-01-01 08:40:00
2024-01-01 09:42:00,광역 버스,2024-01-01 11:19:00
2024-01-01 12:23:00,시내 버스,2024-01-01 13:00:00
2024-01-01 14:27:00,광역 버스,2024-01-01 16:13:00
2024-01-01 17:49:00,마을 버스,2024-01-01 18:25:00
2024-01-01 20:25:00,지하철 3호선,2024-01-01 21:16:00
2024-01-01 21:57:00,지하철 8호선,2024-01-01 22:42:00
2024-01-02 00:37:00,시내 버스,2024-01-02 01:18:00
2024-01-02 03:04:00,지하철 3호선,2024-01-02 04:43:00
2024-01-02 05:41:00,광역 버스,2024-01-02 06:51:00
2024-01-02 07:52:00,광역 버스,2024-01-02 08:08:00
2024-01-02 09:01:00,시내 버스,2024-01-02 09:37:00
2024-01-02 10:35:00,지하철 7호선,2024-01-02 11:48:00
2024-01-02 12:47:00,광역 버스,2024-01-02 13:15:00
2024-01-02 13:21:00,광역 버스,2024-01-02 13:59:00
2024-01-02 15:42:00,광역 버스,2024-01-02 17:39:00
2024-01-02 17:55:00,마을 버스,2024-01-02 18:47:00
2024-01-02 20:18:00,광역 버스,2024-01-02 21:11:00
2024-01-02 21:14:00,마을 버스,2024-01-02 22:22:00
2024-01-03 00:21:00,광역 버스,2024-01-03 02:16:00
2024-01-03 03:18:00,지하철 5호선,2024-01-03 04:14:00
2024-01-03 05:25:00,광역 버스,2024-01-03 05:39:00
2024-01-03 07:32:00,광역 버스,2024-01-03 09:30:00
2024-01-03 11:17:00,지하철 8호선,2024-01-03 13:01:00
2024-01-03 14:41:00,시내 버스,2024-01-03 16:19:00
2024-01-03 17:06:00,광역 버스,2024-01-03 18:00:00
2024-01-03 18:02:00,지하철 6호선,2024-01-03 19:02:00
2024-01-03 20:29:00,광역 버스,2024-01-03 21:44:00
2024-01-03 23:27:00,마을 버스,2024-01-04 00:50:00
2024-01-04 02:45:00,마을 버스,2024-01-04 04:06:00
2024-01-04 05:44:00,광역 버스,2024-01-04 06:04:00
2024-01-04 06:31:00,지하철 5호선,2024-01-04 07:15:00
2024-01-04 09:05:00,마을 버스,2024-01-04 09:25:00
2024-01-04 10:20:00,시내 버스,2024-01-04 12:16:00
2024-01-04 13:17:00,광역 버스,2024-01-04 14:55:00
2024-01-04 16:09:00,지하철 5호선,2024-01-04 16:59:00
2024-01-04 17:17:00,마을 버스,2024-01-04 18:53:00
2024-01-04 20:35:00,지하철 5호선,2024-01-04 21:12:00
2024-01-04 22:56:00,마을 버스,2024-01-05 00:18:00
2024-01-05 01:01:00,마을 버스,2024-01-05 02:31:00
2024-01-05 03:49:00,마을 버스,2024-01-05 05:06:00
2024-01-05 05:32:00,지하철 9호선,2024-01-05 06:28:00
2024-01-05 06:57:00,시내 버스,2024-01-05 08:14:00
2024-01-05 09:52:00,마을 버스,2024-01-05 10:35:00
2024-01-05 12:34:00,광역 버스,2024-01-05 13:10:00
2024-01-05 13:35:00,시내 버스,2024-01-05 14:14:00
2024-01-05 15:59:00,마을 버스,2024-01-05 16:47:00
2024-01-05 18:06:00,마을 버스,2024-01-05 18:58:00
2024-01-05 20:26:00,마을 버스,2024-01-05 22:11:00
2024-01-05 22:55:00,시내 버스,2024-01-05 23:30:00
2024-01-06 01:14:00,지하철 6호선,2024-01-06 01:58:00
2024-01-06 03:18:00,마을 버스,2024-01-06 03:59:00
2024-01-06 04:14:00,시내 버스,2024-01-06 04:48:00
2024-01-06 05:22:00,마을 버스,2024-01-06 07:02:00
2024-01-06 07:05:00,마을 버스,2024-01-06 08:41:00
2024-01-06 09:55:00,시내 버스,2024-01-06 10:38:00
2024-01-06 11:46:00,지하철 7호선,2024-01-06 12:49:00
2024-01-06 14:33:00,광역 버스,2024-01-06 16:33:00
2024-01-06 18:16:00,마을 버스,2024-01-06 19:02:00
2024-01-06 20:06:00,시내 버스,2024-01-06 21:43:00
2024-01-06 22:30:00,광역 버스,2024-01-06 23:00:00
2024-01-06 23:16:00,지하철 1호선,2024-01-07 00:20:00
2024-01-07 00:54:00,지하철 2호선,2024-01-07 02:00:00
2024-01-07 02:57:00,마을 버스,2024-01-07 03:54:00
2024-01-07 04:10:00,시내 버스,2024-01-07 04:46:00
2024-01-07 05:58:00,마을 버스,2024-01-07 06:49:00
2024-01-07 07:37:00,지하철 7호선,2024-01-07 09:11:00
2024-01-07 09:16:00,마을 버스,2024-01-07 10:21:00
2024-01-07 10:57:00,지하철 4호선,2024-01-07 12:45:00
2024-01-07 12:53:00,광역 버스,2024-01-07 14:24:00
2024-01-07 15:06:00,광역 버스,2024-01-07 15:24:00
2024-01-07 16:36:00,지하철 2호선,2024-01-07 18:33:00
2024-01-07 19:37:00,마을 버스,2024-01-07 20:05:00
2024-01-07 21:00:00,마을 버스,2024-01-07 21:41:00
2024-01-07 22:05:00,마을 버스,2024-01-07 22:54:00
2024-01-07 23:15:00,시내 버스,2024-01-08 01:13:00
2024-01-08 01:27:00,지하철 1호선,2024-01-08 02:07:00
2024-01-08 02:17:00,지하철 6호선,2024-01-08 02:32:00
2024-01-08 04:24:00,광역 버스,2024-01-08 05:38:00
2024-01-08 07:32:00,광역 버스,2024-01-08 08:48:00
2024-01-08 09:16:00,지하철 5호선,2024-01-08 09:29:00
2024-01-08 10:34:00,시내 버스,2024-01-08 12:08:00
2024-01-08 13:19:00,지하철 9호선,2024-01-08 15:04:00
2024-01-08 15:05:00,광역 버스,2024-01-08 16:00:00
2024-01-08 16:30:00,지하철 3호선,2024-01-08 17:05:00
2024-01-08 17:07:00,마을 버스,2024-01-08 18:01:00
2024-01-08 19:33:00,광역 버스,2024-01-08 19:49:00
2024-01-08 20:25:00,지하철 4호선,2024-01-08 20:35:00
2024-01-08 21:30:00,시내 버스,2024-01-08 23:18:00
2024-01-08 23:51:00,광역 버스,2024-01-09 00:37:00
2024-01-09 01:33:00,마을 버스,2024-01-09 02:26:00
2024-01-09 03:31:00,시내 버스,2024-01-09 04:41:00
2024-01-09 06:09:00,마을 버스,2024-01-09 07:26:00
2024-01-09 09:16:00,광역 버스,2024-01-09 10:43:00
2024-01-09 12:23:00,마을 버스,2024-01-09 14:16:00
2024-01-09 14:51:00,마을 버스,2024-01-09 16:23:00
2024-01-09 16:55:00,지하철 4호선,2024-01-09 18:09:00
2024-01-09 18:22:00,시내 버스,2024-01-09 20:21:00
2024-01-09 21:16:00,지하철 3호선,2024-01-09 22:59:00
2024-01-10 00:46:00,마을 버스,2024-01-10 01:11:00
2024-01-10 02:17:00,마을 버스,2024-01-10 04:05:00
2024-01-10 05:45:00,마을 버스,2024-01-10 07:19:00
2024-01-10 08:58:00,시내 버스,2024-01-10 10:18:00
2024-01-10 11:39:00,마을 버스,2024-01-10 13:01:00
2024-01-10 14:12:00,광역 버스,2024-01-10 14:25:00
2024-01-10 15:23:00,지하철 3호선,2024-01-10 16:37:00
2024-01-10 17:29:00,마을 버스,2024-01-10 19:03:00
2024-01-10 19:13:00,시내 버스,2024-01-10 20:14:00
2024-01-10 21:07:00,광역 버스,2024-01-10 22:27:00
2024-01-10 22:46:00,광역 버스,2024-01-10 23:51:00
2024-01-11 01:17:00,지하철 3호선,2024-01-11 02:16:00
2024-01-11 03:45:00,시내 버스,2024-01-11 04:22:00
2024-01-11 04:35:00,광역 버스,2024-01-11 05:41:00
2024-01-11 07:02:00,시내 버스,2024-01-11 08:04:00
2024-01-11 09:29:00,지하철 4호선,2024-01-11 09:45:00
2024-01-11 10:51:00,광역 버스,2024-01-11 12:00:00
2024-01-11 13:04:00,광역 버스,2024-01-11 14:15:00
2024-01-11 15:03:00,지하철 5호선,2024-01-11 15:28:00
2024-01-11 16:16:00,마을 버스,2024-01-11 17:51:00
2024-01-11 18:33:00,마을 버스,2024-01-11 19:20:00
2024-01-11 20:46:00,시내 버스,2024-01-11 21:06:00
2024-01-11 21:58:00,지하철 6호선,2024-01-11 23:12:00
2024-01-11 23:46:00,지하철 6호선,2024-01-12 00:35:00
2024-01-12 01:32:00,지하철 3호선,2024-01-12 02:20:00
2024-01-12 04:20:00,광역 버스,2024-01-12 04:56:00
2024-01-12 06:35:00,마을 버스,2024-01-12 08:28:00
2024-01-12 08:50:00,마을 버스,2024-01-12 09:16:00
2024-01-12 10:41:00,지하철 7호선,2024-01-12 11:11:00
2024-01-12 11:41:00,시내 버스,2024-01-12 13:01:00
2024-01-12 14:52:00,마을 버스,2024-01-12 16:04:00
2024-01-12 16:37:00,지하철 3호선,2024-01-12 17:41:00
2024-01-12 17:49:00,지하철 4호선,2024-01-12 18:03:00
2024-01-12 20:02:00,광역 버스,2024-01-12 20:41:00
2024-01-12 22:30:00,지하철 5호선,2024-01-13 00:23:00
2024-01-13 02:07:00,광역 버스,2024-01-13 03:29:00
2024-01-13 03:46:00,광역 버스,2024-01-13 04:41:00
2024-01-13 04:44:00,시내 버스,2024-01-13 05:52:00
2024-01-13 06:59:00,시내 버스,2024-01-13 07:40:00
2024-01-13 07:46:00,마을 버스,2024-01-13 08:31:00
2024-01-13 09:11:00,마을 버스,2024-01-13 10:34:00
2024-01-13 11:36:00,광역 버스,2024-01-13 13:24:00
2024-01-13 14:06:00,광역 버스,2024-01-13 15:00:00
2024-01-13 16:30:00,지하철 7호선,2024-01-13 16:49:00
2024-01-13 17:26:00,시내 버스,2024-01-13 18:03:00
2024-01-13 18:53:00,지하철 7호선,2024-01-13 20:19:00
2024-01-13 22:19:00,시내 버스,2024-01-13 22:31:00
2024-01-14 00:20:00,마을 버스,2024-01-14 00:54:00
2024-01-14 02:45:00,시내 버스,2024-01-14 03:32:00
2024-01-14 04:33:00,마을 버스,2024-01-14 06:23:00
2024-01-14 07:24:00,지하철 7호선,2024-01-14 08:51:00
2024-01-14 10:24:00,시내 버스,2024-01-14 10:50:00
2024-01-14 11:05:00,지하철 4호선,2024-01-14 11:43:00
2024-01-14 13:38:00,시내 버스,2024-01-14 15:24:00
2024-01-14 15:53:00,시내 버스,2024-01-14 16:39:00
2024-01-14 17:09:00,시내 버스,2024-01-14 18:45:00
2024-01-14 18:57:00,마을 버스,2024-01-14 19:30:00
2024-01-14 19:39:00,지하철 5호선,2024-01-14 21:00:00
2024-01-14 21:30:00,시내 버스,2024-01-14 22:42:00
2024-01-14 22:50:00,마을 버스,2024-01-15 00:44:00
2024-01-15 01:33:00,시내 버스,2024-01-15 03:05:00
2024-01-15 04:11:00,마을 버스,2024-01-15 04:27:00
2024-01-15 04:47:00,마을 버스,2024-01-15 06:16:00
2024-01-15 07:46:00,시내 버스,2024-01-15 09:11:00
2024-01-15 10:08:00,지하철 3호선,2024-01-15 10:30:00
2024-01-15 12:25:00,시내 버스,2024-01-15 14:01:00
2024-01-15 14:10:00,시내 버스,2024-01-15 14:58:00
2024-01-15 16:25:00,지하철 1호선,2024-01-15 18:14:00
2024-01-15 19:30:00,마을 버스,2024-01-15 20:37:00
2024-01-15 22:27:00,시내 버스,2024-01-16 00:16:00
2024-01-16 00:55:00,지하철 8호선,2024-01-16 01:55:00
2024-01-16 03:23:00,지하철 6호선,2024-01-16 04:44:00
2024-01-16 04:47:00,지하철 2호선,2024-01-16 06:17:00
2024-01-16 06:23:00,시내 버스,2024-01-16 06:38:00
2024-01-16 07:45:00,지하철 4호선,2024-01-16 09:01:00
2024-01-16 10:53:00,마을 버스,2024-01-16 12:13:00
2024-01-16 12:32:00,시내 버스,2024-01-16 12:57:00
2024-01-16 13:00:00,시내 버스,2024-01-16 14:08:00
2024-01-16 14:57:00,지하철 1호선,2024-01-16 16:00:00
2024-01-16 16:22:00,광역 버스,2024-01-16 17:46:00
2024-01-16 19:41:00,지하철 3호선,2024-01-16 20:47:00
2024-01-16 22:40:00,지하철 8호선,2024-01-16 23:48:00
2024-01-17 01:11:00,시내 버스,2024-01-17 01:35:00
2024-01-17 02:05:00,시내 버스,2024-01-17 04:04:00
2024-01-17 04:20:00,지하철 5호선,2024-01-17 05:44:00
2024-01-17 06:55:00,마을 버스,2024-01-17 07:18:00
2024-01-17 09:15:00,마을 버스,2024-01-17 09:37:00
2024-01-17 10:34:00,시내 버스,2024-01-17 12:08:00
2024-01-17 13:22:00,마을 버스,2024-01-17 13:34:00
2024-01-17 15:26:00,마을 버스,2024-01-17 16:27:00
2024-01-17 16:44:00,광역 버스,2024-01-17 17:00:00
2024-01-17 17:33:00,시내 버스,2024-01-17 18:59:00
2024-01-17 19:31:00,시내 버스,2024-01-17 19:46:00
2024-01-17 21:05:00,광역 버스,2024-01-17 21:58:00
2024-01-17 22:00:00,시내 버스,2024-01-17 22:19:00
2024-01-18 00:02:00,마을 버스,2024-01-18 02:00:00
2024-01-18 02:26:00,지하철 2호선,2024-01-18 03:26:00
2024-01-18 04:17:00,마을 버스,2024-01-18 05:17:00
2024-01-18 06:42:00,시내 버스,2024-01-18 07:13:00
2024-01-18 08:40:00,광역 버스,2024-01-18 09:02:00
2024-01-18 09:41:00,광역 버스,2024-01-18 10:17:00
2024-01-18 11:05:00,마을 버스,2024-01-18 12:07:00
2024-01-18 13:11:00,광역 버스,2024-01-18 14:32:00
2024-01-18 15:15:00,시내 버스,2024-01-18 16:32:00
2024-01-18 17:14:00,광역 버스,2024-01-18 19:00:00
2024-01-18 19:08:00,지하철 2호선,2024-01-18 20:08:00
2024-01-18 22:06:00,지하철 8호선,2024-01-18 22:54:00
2024-01-19 00:25:00,시내 버스,2024-01-19 01:14:00
2024-01-19 02:06:00,광역 버스,2024-01-19 02:18:00
2024-01-19 04:05:00,광역 버스,2024-01-19 04:57:00
2024-01-19 05:31:00,지하철 3호선,2024-01-19 06:04:00
2024-01-19 06:55:00,지하철 3호선,2024-01-19 07:59:00
2024-01-19 09:22:00,광역 버스,2024-01-19 10:12:00
2024-01-19 11:54:00,광역 버스,2024-01-19 13:47:00
2024-01-19 14:55:00,마을 버스,2024-01-19 16:36:00
2024-01-19 18:12:00,시내 버스,2024-01-19 19:21:00
2024-01-19 20:55:00,시내 버스,2024-01-19 22:51:00
2024-01-19 23:38:00,마을 버스,2024-01-20 00:55:00
2024-01-20 01:27:00,마을 버스,2024-01-20 02:50:00
2024-01-20 03:13:00,시내 버스,2024-01-20 04:51:00
2024-01-20 06:51:00,지하철 4호선,2024-01-20 07:15:00
2024-01-20 07:23:00,광역 버스,2024-01-20 08:57:00
2024-01-20 10:09:00,광역 버스,2024-01-20 10:22:00
2024-01-20 11:41:00,광역 버스,2024-01-20 13:29:00
2024-01-20 14:28:00,시내 버스,2024-01-20 15:49:00
2024-01-20 15:59:00,마을 버스,2024-01-20 17:03:00
2024-01-20 17:08:00,지하철 1호선,2024-01-20 18:31:00
2024-01-20 19:04:00,광역 버스,2024-01-20 20:51:00
2024-01-20 22:41:00,마을 버스,2024-01-20 23:58:00
2024-01-21 01:15:00,마을 버스,2024-01-21 03:00:00
2024-01-21 03:13:00,시내 버스,2024-01-21 04:59:00
2024-01-21 06:05:00,지하철 4호선,2024-01-21 06:28:00
2024-01-21 07:42:00,시내 버스,2024-01-21 09:18:00
2024-01-21 09:49:00,마을 버스,2024-01-21 11:45:00
2024-01-21 13:32:00,시내 버스,2024-01-21 15:02:00
2024-01-21 15:13:00,지하철 2호선,2024-01-21 15:38:00
2024-01-21 17:02:00,시내 버스,2024-01-21 18:58:00
2024-01-21 20:38:00,마을 버스,2024-01-21 22:00:00
2024-01-21 22:21:00,시내 버스,2024-01-21 22:39:00
2024-01-21 23:16:00,마을 버스,2024-01-22 00:52:00
2024-01-22 02:11:00,마을 버스,2024-01-22 03:19:00
2024-01-22 03:55:00,마을 버스,2024-01-22 04:17:00
2024-01-22 05:39:00,광역 버스,2024-01-22 06:07:00
2024-01-22 07:04:00,광역 버스,2024-01-22 07:28:00
2024-01-22 09:25:00,마을 버스,2024-01-22 09:35:00
2024-01-22 11:28:00,시내 버스,2024-01-22 12:20:00
2024-01-22 13:08:00,시내 버스,2024-01-22 15:04:00
2024-01-22 16:37:00,광역 버스,2024-01-22 18:10:00
2024-01-22 18:17:00,광역 버스,2024-01-22 19:58:00
2024-01-22 20:22:00,마을 버스,2024-01-22 20:56:00
2024-01-22 21:33:00,광역 버스,2024-01-22 22:20:00
2024-01-22 23:06:00,지하철 2호선,2024-01-23 00:36:00
2024-01-23 01:30:00,마을 버스,2024-01-23 02:17:00
2024-01-23 03:26:00,시내 버스,2024-01-23 04:33:00
2024-01-23 05:53:00,마을 버스,2024-01-23 07:11:00
2024-01-23 07:22:00,마을 버스,2024-01-23 08:04:00
2024-01-23 09:49:00,시내 버스,2024-01-23 10:51:00
2024-01-23 12:43:00,마을 버스,2024-01-23 14:05:00
2024-01-23 15:45:00,광역 버스,2024-01-23 17:02:00
2024-01-23 17:08:00,지하철 9호선,2024-01-23 17:51:00
2024-01-23 19:48:00,광역 버스,2024-01-23 20:42:00
2024-01-23 21:30:00,지하철 1호선,2024-01-23 22:27:00
2024-01-24 00:27:00,마을 버스,2024-01-24 00:52:00
2024-01-24 02:14:00,광역 버스,2024-01-24 04:00:00
2024-01-24 05:45:00,시내 버스,2024-01-24 06:20:00
2024-01-24 06:57:00,마을 버스,2024-01-24 07:21:00
2024-01-24 07:26:00,광역 버스,2024-01-24 09:13:00
2024-01-24 09:16:00,마을 버스,2024-01-24 10:10:00
2024-01-24 11:15:00,시내 버스,2024-01-24 13:08:00
2024-01-24 13:38:00,광역 버스,2024-01-24 15:10:00
2024-01-24 16:28:00,마을 버스,2024-01-24 18:28:00
2024-01-24 18:42:00,광역 버스,2024-01-24 20:37:00
2024-01-24 20:54:00,광역 버스,2024-01-24 21:50:00
2024-01-24 22:17:00,시내 버스,2024-01-24 23:31:00
2024-01-24 23:52:00,시내 버스,2024-01-25 00:27:00
2024-01-25 01:56:00,시내 버스,2024-01-25 02:34:00
2024-01-25 02:35:00,마을 버스,2024-01-25 04:32:00
2024-01-25 05:32:00,광역 버스,2024-01-25 06:50:00
2024-01-25 07:32:00,지하철 2호선,2024-01-25 08:58:00
2024-01-25 09:21:00,마을 버스,2024-01-25 11:13:00
2024-01-25 12:16:00,지하철 3호선,2024-01-25 13:12:00
2024-01-25 14:01:00,지하철 2호선,2024-01-25 16:01:00
2024-01-25 16:41:00,지하철 9호선,2024-01-25 18:23:00
2024-01-25 19:37:00,광역 버스,2024-01-25 20:50:00
2024-01-25 22:19:00,시내 버스,2024-01-25 23:41:00
2024-01-26 01:35:00,광역 버스,2024-01-26 03:31:00
2024-01-26 04:22:00,광역 버스,2024-01-26 04:45:00
2024-01-26 04:55:00,지하철 1호선,2024-01-26 05:05:00
2024-01-26 06:15:00,시내 버스,2024-01-26 07:35:00
2024-01-26 08:08:00,광역 버스,2024-01-26 09:22:00
2024-01-26 09:59:00,마을 버스,2024-01-26 11:07:00
2024-01-26 12:21:00,시내 버스,2024-01-26 13:48:00
2024-01-26 14:25:00,시내 버스,2024-01-26 15:59:00
2024-01-26 17:40:00,광역 버스,2024-01-26 18:07:00
2024-01-26 18:44:00,광역 버스,2024-01-26 19:55:00
2024-01-26 21:26:00,시내 버스,2024-01-26 21:56:00
2024-01-26 22:06:00,광역 버스,2024-01-26 23:04:00
2024-01-27 00:36:00,마을 버스,2024-01-27 00:46:00
2024-01-27 02:15:00,마을 버스,2024-01-27 04:10:00
2024-01-27 05:17:00,마을 버스,2024-01-27 05:57:00
2024-01-27 07:22:00,광역 버스,2024-01-27 07:39:00
2024-01-27 09:20:00,시내 버스,2024-01-27 10:58:00
2024-01-27 12:05:00,광역 버스,2024-01-27 12:25:00
2024-01-27 14:07:00,시내 버스,2024-01-27 14:56:00
2024-01-27 15:57:00,광역 버스,2024-01-27 17:01:00
2024-01-27 17:33:00,광역 버스,2024-01-27 19:28:00
2024-01-27 21:27:00,마을 버스,2024-01-27 21:44:00
2024-01-27 22:24:00,광역 버스,2024-01-27 23:10:00
2024-01-28 00:05:00,마을 버스,2024-01-28 00:45:00
2024-01-28 01:37:00,광역 버스,2024-01-28 02:18:00
2024-01-28 03:58:00,광역 버스,2024-01-28 05:47:00
2024-01-28 07:44:00,시내 버스,2024-01-28 09:39:00
2024-01-28 10:08:00,지하철 4호선,2024-01-28 10:35:00
2024-01-28 11:44:00,시내 버스,2024-01-28 13:02:00
2024-01-28 14:43:00,지하철 7호선,2024-01-28 15:28:00
2024-01-28 16:15:00,지하철 4호선,2024-01-28 16:35:00
2024-01-28 18:00:00,시내 버스,2024-01-28 19:21:00
2024-01-28 21:12:00,지하철 3호선,2024-01-28 22:09:00
2024-01-28 23:38:00,지하철 8호선,2024-01-29 01:34:00
2024-01-29 03:26:00,마을 버스,2024-01-29 03:47:00
2024-01-29 04:51:00,광역 버스,2024-01-29 06:29:00
2024-01-29 07:19:00,마을 버스,2024-01-29 09:06:00
2024-01-29 10:41:00,지하철 7호선,2024-01-29 12:01:00
2024-01-29 12:59:00,마을 버스,2024-01-29 14:25:00
2024-01-29 16:13:00,마을 버스,2024-01-29 17:59:00
2024-01-29 19:49:00,마을 버스,2024-01-29 21:48:00
2024-01-29 22:21:00,시내 버스,2024-01-29 23:57:00
2024-01-30 01:36:00,마을 버스,2024-01-30 01:46:00
2024-01-30 03:15:00,마을 버스,2024-01-30 04:41:00
2024-01-30 06:41:00,시내 버스,2024-01-30 08:01:00
2024-01-30 08:03:00,광역 버스,2024-01-30 09:06:00
2024-01-30 09:58:00,시내 버스,2024-01-30 11:27:00
2024-01-30 12:49:00,마을 버스,2024-01-30 13:04:00
2024-01-30 14:44:00,지하철 3호선,2024-01-30 14:57:00
2024-01-30 16:43:00,시내 버스,2024-01-30 17:13:00
2024-01-30 19:11:00,시내 버스,2024-01-30 19:55:00
2024-01-30 21:09:00,광역 버스,2024-01-30 22:44:00
2024-01-30 22:59:00,광역 버스,2024-01-30 23:51:00
2024-01-31 00:02:00,지하철 3호선,2024-01-31 00:56:00
2024-01-31 02:35:00,마을 버스,2024-01-31 04:15:00
2024-01-31 04:39:00,마을 버스,2024-01-31 04:56:00
2024-01-31 06:54:00,광역 버스,2024-01-31 07:47:00
2024-01-31 09:11:00,마을 버스,2024-01-31 11:04:00
2024-01-31 12:32:00,지하철 5호선,2024-01-31 13:03:00
2024-01-31 13:20:00,지하철 4호선,2024-01-31 14:10:00
2024-01-31 15:59:00,지하철 6호선,2024-01-31 16:58:00
2024-01-31 18:08:00,마을 버스,2024-01-31 19:25:00
2024-01-31 19:49:00,지하철 8호선,2024-01-31 19:59:00
2024-01-31 21:55:00,지하철 4호선,2024-01-31 23:29:00
